install_id,created_at,updated_at,app_version,build_number,release_channel,first_run_at,last_seen_at,timestamp,app_launched_count,days_since_install,days_since_last_seen,internet_status,windows_version,os_architecture,dotnet_runtime_version,ram_bucket,cpu_core_bucket,screen_resolution_bucket,country_setting,currency_setting,startup_time_bucket_ms,feature_flags,last_update_prompt_at,last_update_installed_at,crash_count,type,run_id
828dcff6-0cb6-4096-acd5-3d7228ea57bb,2026-05-16T17:46:29.722708+00:00,2026-05-16T17:46:29.722708+00:00,1.4.7,1200,production,2026-05-16T17:46:30.532372+00:00,2026-05-16T17:46:30.57155+00:00,2026-05-16T17:46:30.57155+00:00,1,12,12,True,Microsoft Windows 10.0.19045,X64,.NET 10.0.7,8-16GB,3-4 Cores,1920x1080,PT,EUR,1000-2000,"['new_checkout', 'tax_inclusive']",,,0,app_launch,a10d16aa-beae-45a5-895f-1cd83b8442a3
6b4ead83-a53d-4603-9c2f-bca325692a8e,2026-04-27T13:16:47.421484+00:00,2026-04-27T13:16:48.495176+00:00,1.3.2,1200,production,2026-04-27T13:16:45.369437+00:00,2026-04-27T13:16:48.260479+00:00,2026-04-27T13:16:48.259532+00:00,1,31,31,True,Microsoft Windows 10.0.22621,X64,.NET 8.0.16,4-8GB,1-2 Cores,1920x1080,MY,MYR,1000-2000,"['new_checkout', 'tax_inclusive']",,,0,app_launch,
f892dd31-2dad-42e9-b256-bab4ac6779da,2026-04-01T11:57:01.041567+00:00,2026-04-01T12:10:46.103022+00:00,1.2.0,1100,production,2026-04-01T11:56:52.017458+00:00,2026-04-01T12:10:42.027283+00:00,2026-04-01T12:10:41.930353+00:00,3,57,57,True,Microsoft Windows 10.0.19045,X64,.NET 8.0.25,0-4GB,1-2 Cores,1366x768,ZM,ZMW,1000-2000,"['new_checkout', 'tax_inclusive']",,,0,app_launch,
4d1a4185-e52e-4471-8e95-0a0bb05246f5,2026-04-01T12:10:46.258232+00:00,2026-04-01T12:10:46.258232+00:00,1.2.0,1100,production,2026-04-01T12:10:41.15947+00:00,2026-04-01T12:10:42.039934+00:00,2026-04-01T12:10:41.967857+00:00,1,57,57,True,Microsoft Windows 10.0.19045,X64,.NET 8.0.25,0-4GB,1-2 Cores,1366x768,ZM,ZMW,1000-2000,"['new_checkout', 'tax_inclusive']",,,0,app_launch,
f206fd61-9fd3-4c65-902a-ecc2f0d57c40,2026-04-01T15:11:52.600199+00:00,2026-04-01T15:11:52.600199+00:00,1.2.0,1100,production,2026-04-01T14:54:51.386594+00:00,2026-04-01T15:11:45.06976+00:00,2026-04-01T15:11:44.798805+00:00,2,57,57,True,Microsoft Windows 10.0.19045,X64,.NET 8.0.25,0-4GB,1-2 Cores,1366x768,ZM,ZMW,1000-2000,"['new_checkout', 'tax_inclusive']",,,0,app_launch,
30364a78-08b4-4590-ac16-cbcb1fa5b771,2026-04-01T03:13:34.000494+00:00,2026-04-01T20:36:39.009205+00:00,1.0.0,1100,production,2026-04-01T03:13:31.673967+00:00,2026-04-01T20:36:36.176897+00:00,2026-04-01T20:36:36.174581+00:00,18,57,57,True,Microsoft Windows 10.0.26100,X64,.NET 8.0.25,16-32GB,5-8 Cores,1366x768,EG,USD,1000-2000,"['new_checkout', 'tax_inclusive']",,,0,app_launch,
a85ae268-febc-428e-bdc6-1d85ac07ce64,2026-04-01T20:40:04.817533+00:00,2026-04-01T20:49:48.00907+00:00,1.0.0,1100,production,2026-04-01T20:40:01.669455+00:00,2026-04-01T20:49:45.560369+00:00,2026-04-01T20:49:45.558016+00:00,2,57,57,True,Microsoft Windows 10.0.26100,X64,.NET 8.0.25,16-32GB,5-8 Cores,1366x768,EG,USD,1000-2000,"['new_checkout', 'tax_inclusive']",,,0,app_launch,
41bcc63c-ab11-49bc-9d04-c47aec21486e,2026-04-03T08:16:47.129895+00:00,2026-04-03T08:16:47.129895+00:00,1.2.0,1100,production,2026-04-03T08:16:41.856642+00:00,2026-04-03T08:16:41.903575+00:00,2026-04-03T08:16:41.902405+00:00,1,55,55,True,Microsoft Windows 10.0.19045,X64,.NET 8.0.25,4-8GB,5-8 Cores,1920x1080,PK,PKR,1000-2000,"['new_checkout', 'tax_inclusive']",,,0,app_launch,
f78f2162-f6da-4f1c-a350-8de0ea2cfe65,2026-04-03T08:27:23.195141+00:00,2026-04-03T08:27:23.195141+00:00,1.2.0,1100,production,2026-04-03T08:27:20.938124+00:00,2026-04-03T08:27:20.978602+00:00,2026-04-03T08:27:20.976912+00:00,1,55,55,True,Microsoft Windows 10.0.19045,X64,.NET 8.0.25,4-8GB,5-8 Cores,1920x1080,,PKR,1000-2000,"['new_checkout', 'tax_inclusive']",,,0,app_launch,
e70fbaee-6637-425c-a57e-a9e07cfdbe4b,2026-04-03T21:55:43.492277+00:00,2026-04-03T21:55:43.492277+00:00,1.2.0,1100,production,2026-04-03T21:55:40.185301+00:00,2026-04-03T21:55:40.36115+00:00,2026-04-03T21:55:40.360121+00:00,1,55,55,True,Microsoft Windows 10.0.19045,X64,.NET 8.0.11,4-8GB,3-4 Cores,1366x768,SV,USD,1000-2000,"['new_checkout', 'tax_inclusive']",,,0,app_launch,
73b89656-0604-44c2-a6d4-7f56a00629a6,2026-04-04T02:41:33.943881+00:00,2026-04-04T02:41:33.943881+00:00,1.2.0,1100,production,2026-04-04T02:41:31.136536+00:00,2026-04-04T02:41:31.187195+00:00,2026-04-04T02:41:31.186363+00:00,1,54,54,True,Microsoft Windows 10.0.26200,X64,.NET 8.0.23,8-16GB,9-16 Cores,1920x1080,EC,USD,1000-2000,"['new_checkout', 'tax_inclusive']",,,0,app_launch,
f35f5b33-29bc-45b6-8d8e-2f34557944c3,2026-04-04T22:21:23.000938+00:00,2026-04-04T22:21:23.000938+00:00,1.2.0,1100,production,2026-04-04T22:21:16.334295+00:00,2026-04-04T22:21:16.37443+00:00,2026-04-04T22:21:16.373906+00:00,1,54,54,True,Microsoft Windows 10.0.26200,X64,.NET 8.0.25,4-8GB,9-16 Cores,1920x1080,GB,USD,1000-2000,"['new_checkout', 'tax_inclusive']",,,0,app_launch,
be109860-3a64-44f3-8d3c-47b7a844845a,2026-04-05T13:59:46.878588+00:00,2026-04-05T14:36:49.065014+00:00,1.2.0,1100,production,2026-04-05T13:59:41.482871+00:00,2026-04-05T14:36:44.877709+00:00,2026-04-05T14:36:44.876932+00:00,2,53,53,True,Microsoft Windows 10.0.26200,X64,.NET 8.0.25,8-16GB,5-8 Cores,1920x1080,LR,USD,1000-2000,"['new_checkout', 'tax_inclusive']",,,0,app_launch,
c818e40b-13bc-4995-a943-e49eb0336253,2026-05-26T04:21:46.493327+00:00,2026-05-26T04:21:46.493327+00:00,1.4.7,1200,production,2026-05-26T04:16:39.02738+00:00,2026-05-26T04:16:39.09523+00:00,2026-05-26T04:16:39.09523+00:00,1,2,2,True,Microsoft Windows 10.0.26100,X64,.NET 10.0.7,0-4GB,1-2 Cores,1920x1080,,PHP,1000-2000,"['new_checkout', 'tax_inclusive']",,,0,app_launch,c5c8a873-8fb8-416c-be31-b6a2d89271df
e199e55d-7ad7-4b8d-92d3-e8f73f79cc0d,2026-04-05T18:01:53.25789+00:00,2026-04-05T18:01:53.25789+00:00,1.2.0,1100,production,2026-03-31T18:21:52.993999+00:00,2026-04-05T18:01:59.291898+00:00,2026-04-05T18:01:59.290099+00:00,2,58,53,True,Microsoft Windows 10.0.26100,X64,.NET 8.0.25,8-16GB,5-8 Cores,1920x1080,AF,USD,1000-2000,"['new_checkout', 'tax_inclusive']",,,0,app_launch,
c38d0190-c69d-4b2c-a96e-69c8377a15a7,2026-04-02T19:00:19.605616+00:00,2026-04-05T18:23:05.528679+00:00,1.2.0,1100,production,2026-04-02T19:00:16.923314+00:00,2026-04-05T18:22:59.000942+00:00,2026-04-05T18:22:58.99796+00:00,3,56,53,True,Microsoft Windows 10.0.26200,X64,.NET 8.0.25,4-8GB,1-2 Cores,1920x1080,ZA,ZAR,1000-2000,"['new_checkout', 'tax_inclusive']",,,0,app_launch,
465adfe3-70c5-4122-b79b-ffb8f594c6ef,2026-03-26T04:57:54.51664+00:00,2026-03-26T06:15:11.875253+00:00,1.2.0,1100,production,2026-03-26T04:57:52.880954+00:00,2026-03-26T06:15:12.037666+00:00,2026-03-26T06:15:12.036228+00:00,2,63,63,True,Microsoft Windows 10.0.26100,X64,.NET 8.0.25,0-4GB,3-4 Cores,1920x1080,IN,INR,1000-2000,"['new_checkout', 'tax_inclusive']",,,0,app_launch,
b46a0be6-a7ee-4cdb-844d-2bed90ea008c,2026-04-06T07:41:33.778283+00:00,2026-04-06T07:41:33.778283+00:00,1.2.0,1100,production,2026-04-06T07:41:28.845409+00:00,2026-04-06T07:41:28.903342+00:00,2026-04-06T07:41:28.902364+00:00,1,52,52,True,Microsoft Windows 10.0.19045,X64,.NET 8.0.11,4-8GB,3-4 Cores,1920x1080,ZM,USD,1000-2000,"['new_checkout', 'tax_inclusive']",,,0,app_launch,
c49a922c-51ab-4453-b355-68f7d0deba7c,2026-04-06T10:04:18.642165+00:00,2026-04-06T10:04:18.642165+00:00,1.2.0,1100,production,2026-04-06T10:24:57.543275+00:00,2026-04-06T10:24:57.590033+00:00,2026-04-06T10:24:57.588991+00:00,1,52,52,True,Microsoft Windows 10.0.26200,X64,.NET 8.0.25,8-16GB,9-16 Cores,1920x1080,GB,GBP,1000-2000,"['new_checkout', 'tax_inclusive']",,,0,app_launch,
39bfe9ff-1bce-4865-b841-6277a033ad6d,2026-04-01T15:11:51.098868+00:00,2026-04-08T06:38:45.433488+00:00,1.2.0,1100,production,2026-04-01T14:54:51.36847+00:00,2026-04-08T06:38:32.103118+00:00,2026-04-08T06:38:31.902925+00:00,3,57,50,True,Microsoft Windows 10.0.19045,X64,.NET 8.0.25,0-4GB,1-2 Cores,1366x768,ZM,ZMW,1000-2000,"['new_checkout', 'tax_inclusive']",,,4,app_launch,
114eb06b-d1e1-458d-aff3-a9712ec96a04,2026-04-19T09:58:52.524187+00:00,2026-04-19T09:58:52.524187+00:00,1.3.2,,,,2026-04-19T09:58:51.131456+00:00,,1,,39,,,,,,,,,,,,,,0,,
e44c9945-21e2-4ad3-ba89-2198c87d5de9,2026-03-28T12:06:54.521473+00:00,2026-03-28T12:06:54.521473+00:00,1.2.0,1100,production,2026-03-28T12:06:52.813523+00:00,2026-03-28T12:06:52.872087+00:00,2026-03-28T12:06:52.871425+00:00,1,61,61,True,Microsoft Windows 10.0.26200,X64,.NET 8.0.25,8-16GB,5-8 Cores,1920x1080,PL,USD,1000-2000,"['new_checkout', 'tax_inclusive']",,,0,app_launch,
75d92348-4e81-4fb6-91bf-5be8d0632917,2026-03-23T15:03:28.199235+00:00,2026-03-29T11:19:23.334779+00:00,1.2.0,1100,production,2026-03-23T15:03:19.916025+00:00,2026-03-29T11:19:21.998072+00:00,2026-03-29T11:19:21.99743+00:00,14,66,60,True,Microsoft Windows 10.0.26100,X64,.NET 8.0.25,8-16GB,5-8 Cores,1920x1080,LB,USD,1000-2000,"['new_checkout', 'tax_inclusive']",,,0,app_launch,
8f255633-d2c7-4462-87fe-af637242c015,2026-03-30T05:16:56.67851+00:00,2026-03-30T05:16:56.67851+00:00,1.2.0,1100,production,2026-03-30T05:16:52.52758+00:00,2026-03-30T05:16:52.61822+00:00,2026-03-30T05:16:52.616983+00:00,1,59,59,True,Microsoft Windows 10.0.26200,X64,.NET 8.0.25,4-8GB,5-8 Cores,1920x1080,CN,USD,1000-2000,"['new_checkout', 'tax_inclusive']",,,0,app_launch,
dcd65907-e417-418a-9ffe-c0d40b694fb4,2026-03-30T06:19:47.531649+00:00,2026-03-30T06:27:51.578323+00:00,1.2.0,1100,production,2026-03-30T06:19:44.775562+00:00,2026-03-30T06:27:49.779288+00:00,2026-03-30T06:27:49.7787+00:00,2,59,59,True,Microsoft Windows 10.0.26200,X64,.NET 8.0.15,8-16GB,9-16 Cores,2256x1504,DK,USD,1000-2000,"['new_checkout', 'tax_inclusive']",,,0,app_launch,
73f11f8f-c3b9-4fac-bf5d-ab1f36942100,2026-03-30T06:28:12.828033+00:00,2026-03-30T06:33:34.603582+00:00,1.2.0,1100,production,2026-03-30T06:28:10.920591+00:00,2026-03-30T06:33:33.112314+00:00,2026-03-30T06:33:33.111404+00:00,3,59,59,True,Microsoft Windows 10.0.26200,X64,.NET 8.0.15,8-16GB,9-16 Cores,2256x1504,DK,USD,1000-2000,"['new_checkout', 'tax_inclusive']",,,0,app_launch,
895cd063-afc0-49d8-a323-29ea03310fe2,2026-03-30T16:20:20.779576+00:00,2026-03-30T16:20:20.779576+00:00,1.2.0,1100,production,2026-03-22T20:47:06.638834+00:00,2026-03-30T16:20:19.741968+00:00,2026-03-30T16:20:19.74113+00:00,11,67,59,True,Microsoft Windows 10.0.19045,X64,.NET 8.0.25,8-16GB,5-8 Cores,1920x1080,ES,USD,1000-2000,"['new_checkout', 'tax_inclusive']",,,0,app_launch,
c86fac19-fc49-430b-9b45-e5e302833629,2026-03-24T18:03:40.44959+00:00,2026-04-01T02:22:07.550138+00:00,1.0.0,1100,production,2026-03-24T18:03:28.944531+00:00,2026-04-01T02:22:05.74493+00:00,2026-04-01T02:22:05.743858+00:00,14,65,57,True,Microsoft Windows 10.0.26100,X64,.NET 8.0.25,16-32GB,5-8 Cores,1366x768,EG,USD,1000-2000,"['new_checkout', 'tax_inclusive']",,,0,app_launch,
f3d1754c-12f4-425d-ba6a-65eedae0a996,2026-04-01T05:37:36.420388+00:00,2026-04-01T05:37:50.545456+00:00,1.2.0,1100,production,2026-04-01T05:37:29.481656+00:00,2026-04-01T05:37:44.667283+00:00,2026-04-01T05:37:44.660673+00:00,3,57,57,True,Microsoft Windows 10.0.26200,X64,.NET 8.0.21,8-16GB,9-16 Cores,1920x1200,NL,GBP,1000-2000,"['new_checkout', 'tax_inclusive']",,,0,app_launch,
9bd160ef-e733-44a2-a46e-996033a4dbd3,2026-04-01T05:37:37.666685+00:00,2026-04-01T05:38:02.305793+00:00,1.2.0,1100,production,2026-04-01T05:37:32.421871+00:00,2026-04-01T05:37:57.456957+00:00,2026-04-01T05:37:57.452814+00:00,2,57,57,True,Microsoft Windows 10.0.26200,X64,.NET 8.0.21,8-16GB,9-16 Cores,1920x1200,NL,GBP,1000-2000,"['new_checkout', 'tax_inclusive']",,,0,app_launch,
766674e3-2d79-4156-b4bc-c44e9de9c7ec,2026-05-16T19:03:39.798856+00:00,2026-05-16T19:03:39.798856+00:00,1.4.4,1200,production,2026-05-17T02:17:38.613613+00:00,2026-05-17T02:17:38.646161+00:00,2026-05-17T02:17:38.646161+00:00,1,11,11,True,Microsoft Windows 10.0.22631,X64,.NET 10.0.7,8-16GB,3-4 Cores,1920x1080,NI,GBP,1000-2000,"['new_checkout', 'tax_inclusive']",,,0,app_launch,ba6fa9bc-e72b-425c-9cad-fa5eaf1a8d59
c3cfa566-55b0-4a04-af81-b5ac34589504,2026-04-21T12:32:48.497159+00:00,2026-04-21T12:32:49.484055+00:00,1.3.2,1200,production,2026-04-21T12:32:47.607758+00:00,2026-04-21T12:32:50.140538+00:00,2026-04-21T12:32:50.139901+00:00,1,37,37,True,Microsoft Windows 10.0.26200,X64,.NET 8.0.11,8-16GB,5-8 Cores,1920x1080,PH,PHP,1000-2000,"['new_checkout', 'tax_inclusive']",,,0,app_launch,
42ed0d28-6f4d-4944-a0ed-7183616cfa47,2026-04-24T10:58:18.958706+00:00,2026-04-24T10:58:19.782667+00:00,1.3.2,1200,production,2026-04-24T10:58:21.190598+00:00,2026-04-24T10:58:22.82207+00:00,2026-04-24T10:58:22.820834+00:00,1,34,34,True,Microsoft Windows 10.0.22000,X64,.NET 8.0.26,4-8GB,3-4 Cores,1920x1080,BE,EUR,1000-2000,"['new_checkout', 'tax_inclusive']",,,0,app_launch,
676aeec2-286a-4682-a625-b5dcd9a6a180,2026-04-07T22:25:51.348551+00:00,2026-04-07T22:25:51.348551+00:00,1.2.0,1100,production,2026-04-07T22:25:49.763237+00:00,2026-04-07T22:25:49.831503+00:00,2026-04-07T22:25:49.830844+00:00,1,51,51,True,Microsoft Windows 10.0.26200,X64,.NET 8.0.25,4-8GB,5-8 Cores,1366x768,BS,USD,1000-2000,"['new_checkout', 'tax_inclusive']",,,0,app_launch,
4f6a1dad-7cd0-4c49-bdd5-81a605a1ff5b,2026-04-21T22:40:32.009293+00:00,2026-04-21T22:40:32.933867+00:00,1.3.2,1200,production,2026-04-21T22:40:30.316877+00:00,2026-04-21T22:40:32.791791+00:00,2026-04-21T22:40:32.790809+00:00,1,37,37,True,Microsoft Windows 10.0.26100,X64,.NET 8.0.26,8-16GB,5-8 Cores,1920x1080,JM,JMD,1000-2000,"['new_checkout', 'tax_inclusive']",,,0,app_launch,
1ec18eeb-c9c9-4deb-894a-c20e66388f07,2026-04-08T11:01:37.12893+00:00,2026-04-08T11:01:37.12893+00:00,1.2.0,1100,production,2026-04-08T07:58:29.601556+00:00,2026-04-08T07:58:30.41002+00:00,2026-04-08T07:58:30.408423+00:00,1,50,50,True,Microsoft Windows 10.0.19045,X64,.NET 8.0.25,4-8GB,3-4 Cores,1024x768,PH,PHP,1000-2000,"['new_checkout', 'tax_inclusive']",,,0,app_launch,
8fb4a7af-3623-4a8c-b525-2d86e77ace3a,2026-04-08T11:56:42.662025+00:00,2026-04-08T11:56:42.662025+00:00,1.2.0,1100,production,2026-04-08T11:56:39.066188+00:00,2026-04-08T11:56:39.133346+00:00,2026-04-08T11:56:39.13151+00:00,1,50,50,True,Microsoft Windows 10.0.26200,X64,.NET 8.0.25,8-16GB,5-8 Cores,1920x1080,KE,KES,1000-2000,"['new_checkout', 'tax_inclusive']",,,0,app_launch,
d997415c-0789-4f98-9e68-7817626cf8a5,2026-04-24T18:46:43.69277+00:00,2026-04-24T18:46:45.135718+00:00,1.3.2,1200,production,2026-04-24T18:46:41.066435+00:00,2026-04-24T18:46:45.203082+00:00,2026-04-24T18:46:45.161524+00:00,1,34,34,True,Microsoft Windows 10.0.19045,X64,.NET 8.0.26,0-4GB,3-4 Cores,1366x768,LS,USD,1000-2000,"['new_checkout', 'tax_inclusive']",,,0,app_launch,
9f37d12d-77b6-4277-9b34-5d0bf660aa5e,2026-04-08T17:46:28.066054+00:00,2026-04-08T18:27:37.933645+00:00,1.2.0,1100,production,2026-04-08T17:46:25.927124+00:00,2026-04-08T18:27:36.089853+00:00,2026-04-08T18:27:36.088545+00:00,2,50,50,True,Microsoft Windows 10.0.26100,X64,.NET 8.0.25,16-32GB,5-8 Cores,1366x768,EG,USD,1000-2000,"['new_checkout', 'tax_inclusive']",,,0,app_launch,
fa04d9b3-a1c0-471b-b103-a347bfeef5d7,2026-04-08T18:29:25.566349+00:00,2026-04-08T18:29:25.566349+00:00,1.2.0,1100,production,2026-04-08T18:27:57.444674+00:00,2026-04-08T18:29:24.263943+00:00,2026-04-08T18:29:24.262523+00:00,1,50,50,True,Microsoft Windows 10.0.26100,X64,.NET 8.0.25,16-32GB,5-8 Cores,1366x768,EG,USD,1000-2000,"['new_checkout', 'tax_inclusive']",,,1,app_launch,
c0d62ced-704f-481d-8f4b-818aaeda3c8d,2026-05-10T00:20:56.030388+00:00,2026-05-10T00:20:56.030388+00:00,1.4.7,1200,production,2026-05-10T00:20:52.199448+00:00,2026-05-10T00:20:52.26996+00:00,2026-05-10T00:20:52.26996+00:00,1,18,18,True,Microsoft Windows 10.0.22631,X64,.NET 10.0.7,4-8GB,5-8 Cores,1920x1080,KI,AUD,1000-2000,"['new_checkout', 'tax_inclusive']",,,0,app_launch,d256cca0-f5a0-4921-95bb-771a848d33ca
027b9fdb-467d-44ac-934f-34fe10e8660e,2026-04-24T10:21:49.766925+00:00,2026-04-25T12:09:47.087445+00:00,1.3.3,1200,production,2026-04-24T10:21:48.471316+00:00,2026-04-25T12:09:45.26693+00:00,2026-04-25T12:09:45.26693+00:00,5,34,33,True,Microsoft Windows 10.0.26100,X64,.NET 9.0.15,16-32GB,5-8 Cores,1366x768,EG,USD,1000-2000,"['new_checkout', 'tax_inclusive']",,,1,app_launch,19394748-1425-4f42-a10c-c0cffe32ff7c
0ac90631-46f1-4112-a678-025ec614e9b3,2026-05-01T13:20:39.08899+00:00,2026-05-03T09:53:27.269851+00:00,1.3.2,1200,production,2026-05-01T13:20:39.978712+00:00,2026-05-03T09:53:27.081191+00:00,2026-05-03T09:53:27.08067+00:00,49,27,25,True,Microsoft Windows 10.0.26200,X64,.NET 8.0.26,8-16GB,9-16 Cores,1920x1080,BE,EUR,1000-2000,"['new_checkout', 'tax_inclusive']",,,0,app_launch,204f60bf-cf16-4ab1-9faf-05ac04c26b23
fd7528d7-2a5e-48d4-8fff-ebcc0731aa82,2026-05-03T09:54:12.799569+00:00,2026-05-03T09:54:13.423093+00:00,1.3.2,1200,production,2026-05-03T09:54:12.470207+00:00,2026-05-03T09:54:13.22767+00:00,2026-05-03T09:54:13.227162+00:00,1,25,25,True,Microsoft Windows 10.0.26200,X64,.NET 8.0.26,8-16GB,9-16 Cores,1920x1080,BE,EUR,1000-2000,"['new_checkout', 'tax_inclusive']",,,0,app_launch,
1a6d9a19-35ce-4515-9a53-8857658a377b,2026-04-28T09:16:02.795448+00:00,2026-04-28T14:35:34.701252+00:00,1.4.0,1200,production,2026-04-28T09:16:01.109812+00:00,2026-04-28T14:35:33.154934+00:00,2026-04-28T14:35:33.154934+00:00,10,30,30,True,Microsoft Windows 10.0.26200,X64,.NET 10.0.7,4-8GB,5-8 Cores,1920x1080,PH,PHP,1000-2000,"['new_checkout', 'tax_inclusive']",,,0,app_launch,577eb718-7d29-4525-ab86-27cadcfe0b40
64161519-0fde-4738-b3ee-1bd0322360a4,2026-05-03T10:28:00.588357+00:00,2026-05-03T10:56:59.317479+00:00,1.4.2,1200,production,2026-05-03T10:19:30.008581+00:00,2026-05-03T10:56:57.564857+00:00,2026-05-03T10:56:57.564857+00:00,5,25,25,True,Microsoft Windows 10.0.26100,X64,.NET 10.0.7,16-32GB,5-8 Cores,1366x768,EG,USD,1000-2000,"['new_checkout', 'tax_inclusive']",,,5,app_launch,61d85482-ac5e-4a89-a5ac-fdcf5c48802b
8eab01b1-2315-4dfb-98ce-b72d34f6139d,2026-04-28T14:39:27.043909+00:00,2026-04-28T15:01:13.894381+00:00,1.4.0,1200,production,2026-04-28T14:39:25.079283+00:00,2026-04-28T15:01:12.145342+00:00,2026-04-28T15:01:12.145342+00:00,3,30,30,True,Microsoft Windows 10.0.26200,X64,.NET 10.0.7,4-8GB,5-8 Cores,1920x1080,PH,PHP,1000-2000,"['new_checkout', 'tax_inclusive']",,,0,app_launch,5028e4da-411a-4ba9-a1ed-94c5af912115
272478a6-66e8-416f-9290-45102cb1da03,2026-04-28T18:42:55.422375+00:00,2026-04-28T18:42:55.422375+00:00,1.4.0,1200,production,2026-04-28T18:42:50.509966+00:00,2026-04-28T18:42:50.653481+00:00,2026-04-28T18:42:50.653481+00:00,1,30,30,True,Microsoft Windows 10.0.19045,X64,.NET 10.0.7,0-4GB,1-2 Cores,1024x768,GB,GBP,1000-2000,"['new_checkout', 'tax_inclusive']",,,0,app_launch,d9f46b48-e2c8-4806-86ea-14814cae50dc
fd13a141-0e42-4e11-9b3c-1c943a4702a2,2026-04-28T01:32:31.037958+00:00,2026-04-30T02:18:17.643881+00:00,1.4.0,1200,production,2026-04-28T01:32:27.450539+00:00,2026-04-30T02:18:14.006697+00:00,2026-04-30T02:18:14.006697+00:00,2,30,28,True,Microsoft Windows 10.0.19045,X64,.NET 10.0.7,4-8GB,3-4 Cores,1920x1080,BS,BSD,1000-2000,"['new_checkout', 'tax_inclusive']",,,0,app_launch,b74fbb4c-3b29-4f08-92af-3141ab4d2591
dcabe96b-5894-4b91-9a0b-3e99811e82d6,2026-04-16T08:32:18.32617+00:00,2026-04-19T03:14:16.116938+00:00,1.3.2,1200,production,2026-04-15T20:45:54.278148+00:00,2026-04-19T03:14:16.134207+00:00,2026-04-19T03:14:16.132346+00:00,11,43,39,True,Microsoft Windows 10.0.26100,X64,.NET 8.0.26,16-32GB,5-8 Cores,1366x768,EG,USD,1000-2000,"['new_checkout', 'tax_inclusive']",,,1,app_launch,
f36420ab-c441-475b-9f04-1c07a9e4b1b6,2026-05-03T15:43:32.13637+00:00,2026-05-03T15:54:02.986051+00:00,1.4.1,1200,production,2026-05-03T15:43:29.160822+00:00,2026-05-03T15:54:01.031925+00:00,2026-05-03T15:54:01.031925+00:00,2,25,25,True,Microsoft Windows 10.0.26200,X64,.NET 10.0.7,4-8GB,3-4 Cores,1920x1080,IN,USD,1000-2000,"['new_checkout', 'tax_inclusive']",,,0,app_launch,2ab4e5f7-e85e-4cf1-a77c-3f455a5a4c82
39983626-22a4-4c1e-b25d-d15a38bf302b,2026-04-21T10:27:56.030511+00:00,2026-05-01T05:25:24.85215+00:00,1.3.2,1200,production,2026-04-21T10:27:54.827013+00:00,2026-05-01T05:25:26.115628+00:00,2026-05-01T05:25:26.115048+00:00,10,37,27,True,Microsoft Windows 10.0.26200,X64,.NET 8.0.26,8-16GB,9-16 Cores,1920x1080,BE,EUR,1000-2000,"['new_checkout', 'tax_inclusive']",,,1,app_launch,
2f7a7a2b-5104-454a-a685-787f910b4eab,2026-05-02T14:06:41.346787+00:00,2026-05-02T14:13:48.448332+00:00,1.3.2,1200,production,2026-05-02T14:06:33.236673+00:00,2026-05-02T14:09:05.999444+00:00,2026-05-02T14:09:05.997815+00:00,2,26,26,True,Microsoft Windows 10.0.19045,X64,.NET 8.0.25,0-4GB,1-2 Cores,1366x768,,ZMW,1000-2000,"['new_checkout', 'tax_inclusive']",,,0,app_launch,
a697521a-c52a-477a-a275-8b302730a1f6,2026-04-07T06:48:15.049301+00:00,2026-05-02T14:13:48.750049+00:00,1.3.2,1200,production,2026-04-07T06:47:45.804556+00:00,2026-05-02T14:09:06.639009+00:00,2026-05-02T14:09:06.637448+00:00,8,51,26,True,Microsoft Windows 10.0.19045,X64,.NET 8.0.25,0-4GB,1-2 Cores,1366x768,,ZMW,1000-2000,"['new_checkout', 'tax_inclusive']",,,2,app_launch,
b174abd8-b521-4b06-9c9e-678ae8e56c62,2026-05-02T15:18:30.707731+00:00,2026-05-02T15:18:30.707731+00:00,1.4.0,1200,production,2026-05-02T15:18:28.67966+00:00,2026-05-02T15:18:28.714122+00:00,2026-05-02T15:18:28.714122+00:00,1,26,26,True,Microsoft Windows 10.0.19045,X64,.NET 10.0.7,8-16GB,3-4 Cores,1920x1080,PH,PHP,1000-2000,"['new_checkout', 'tax_inclusive']",,,0,app_launch,e3c93c5a-3978-4c09-8d59-b41ad6a8390a
0563948b-19ea-4d04-b7fd-70acdd27566a,2026-05-04T12:36:50.917525+00:00,2026-05-04T12:36:50.917525+00:00,1.4.2,1200,production,2026-05-04T12:36:51.889757+00:00,2026-05-04T12:36:51.943402+00:00,2026-05-04T12:36:51.943402+00:00,1,24,24,True,Microsoft Windows 10.0.26100,X64,.NET 10.0.7,4-8GB,1-2 Cores,1920x1080,ID,IDR,1000-2000,"['new_checkout', 'tax_inclusive']",,,0,app_launch,4adbc74b-48a2-49b4-ab9d-cf75952012ba
c94c9e6c-2dd4-4913-9c84-3e62f79b446f,2026-05-20T00:53:16.187654+00:00,2026-05-20T00:53:16.187654+00:00,1.4.7,1200,production,2026-05-20T00:53:12.263071+00:00,2026-05-20T00:53:12.343621+00:00,2026-05-20T00:53:12.343621+00:00,1,8,8,True,Microsoft Windows 10.0.26200,X64,.NET 10.0.7,8-16GB,5-8 Cores,1920x1080,MA,EUR,1000-2000,"['new_checkout', 'tax_inclusive']",,,0,app_launch,19508051-2d80-4b71-91f9-2d89169321c6
b1dee3cd-f084-4e27-942a-fa3829fe06d8,2026-05-03T03:11:30.748444+00:00,2026-05-03T10:00:14.125461+00:00,1.4.1,1200,production,2026-05-03T02:42:24.390834+00:00,2026-05-03T10:00:12.35774+00:00,2026-05-03T10:00:12.35774+00:00,3,25,25,True,Microsoft Windows 10.0.26100,X64,.NET 10.0.7,16-32GB,5-8 Cores,1366x768,EG,USD,1000-2000,"['new_checkout', 'tax_inclusive']",,,0,app_launch,5869cf10-35bd-43ab-9ca9-871e069baecc
e72fd18b-fdbb-4772-8bfa-edfb13fcdf67,2026-04-19T09:58:52.524187+00:00,2026-04-19T10:01:24.001602+00:00,1.3.2,1200,production,2026-04-19T09:58:51.110156+00:00,2026-04-19T10:01:24.642801+00:00,2026-04-19T10:01:24.640631+00:00,2,39,39,True,Microsoft Windows 10.0.26200,X64,.NET 8.0.26,4-8GB,5-8 Cores,1920x1080,MK,USD,1000-2000,"['new_checkout', 'tax_inclusive']",,,0,app_launch,
595616f9-7b3f-4c1a-9ce6-1e72ec04bc25,2026-04-19T14:34:47.775863+00:00,2026-04-19T14:34:48.828964+00:00,1.3.2,1200,production,2026-04-19T14:35:12.744574+00:00,2026-04-19T14:35:15.124286+00:00,2026-04-19T14:35:15.123313+00:00,1,39,39,True,Microsoft Windows 10.0.26200,X64,.NET 8.0.24,4-8GB,5-8 Cores,1920x1080,BG,BGN,1000-2000,"['new_checkout', 'tax_inclusive']",,,0,app_launch,
521f21c6-0a6a-448f-b423-85b08569baf3,2026-04-21T22:16:21.093362+00:00,2026-04-21T22:16:22.299052+00:00,1.3.2,1200,production,2026-04-21T22:16:18.367092+00:00,2026-04-21T22:16:21.245292+00:00,2026-04-21T22:16:21.243498+00:00,1,37,37,True,Microsoft Windows 10.0.26200,X64,.NET 8.0.26,8-16GB,5-8 Cores,1920x1080,ZA,ZAR,1000-2000,"['new_checkout', 'tax_inclusive']",,,0,app_launch,
1da14a02-df07-458d-8f18-2572964c2ca0,2026-04-20T01:39:27.602635+00:00,2026-04-20T01:40:47.26837+00:00,1.3.2,1200,production,2026-04-20T01:39:22.159378+00:00,2026-04-20T01:40:46.708235+00:00,2026-04-20T01:40:46.707214+00:00,2,38,38,True,Microsoft Windows 10.0.26200,X64,.NET 8.0.19,8-16GB,9-16 Cores,1920x1080,PH,PHP,1000-2000,"['new_checkout', 'tax_inclusive']",,,0,app_launch,
5e5723ea-aca4-495c-b46c-29fb7f77be4d,2026-04-20T04:12:49.660303+00:00,2026-04-20T04:12:50.662256+00:00,1.3.2,1200,production,2026-04-20T04:12:46.667448+00:00,2026-04-20T04:12:49.2297+00:00,2026-04-20T04:12:49.228286+00:00,1,38,38,True,Microsoft Windows 10.0.19045,X64,.NET 8.0.14,4-8GB,3-4 Cores,1440x900,PK,PKR,1000-2000,"['new_checkout', 'tax_inclusive']",,,0,app_launch,
94bb426a-3d1e-4b69-bf61-517608eea479,2026-05-03T09:56:16.407806+00:00,2026-05-03T10:32:22.528785+00:00,1.4.0,1200,production,2026-05-03T09:56:15.4637+00:00,2026-05-03T10:32:21.601762+00:00,2026-05-03T10:32:21.601762+00:00,7,25,25,True,Microsoft Windows 10.0.26200,X64,.NET 10.0.7,8-16GB,9-16 Cores,1920x1080,BE,EUR,1000-2000,"['new_checkout', 'tax_inclusive']",,,5,app_launch,c77da1f3-118e-4c78-a3b1-fb4f7f8b29d4
19b105d2-968a-41af-b7c2-d160dcce7d42,2026-04-28T05:19:45.897288+00:00,2026-04-28T05:37:57.558953+00:00,1.4.0,1200,production,2026-04-28T05:28:12.838956+00:00,2026-04-28T05:46:25.268236+00:00,2026-04-28T05:46:25.268236+00:00,5,30,30,True,Microsoft Windows 10.0.26200,X64,.NET 10.0.7,4-8GB,5-8 Cores,1920x1080,US,USD,1000-2000,"['new_checkout', 'tax_inclusive']",,,0,app_launch,c79bd62f-0c61-4b2f-92e7-12c291f49050
c4b970d9-1121-4056-bda7-b85c2e6453fd,2026-04-20T04:15:25.218199+00:00,2026-04-20T04:16:42.415665+00:00,1.3.2,1200,production,2026-04-18T14:57:23.641179+00:00,2026-04-20T04:16:42.971391+00:00,2026-04-20T04:16:42.970237+00:00,2,40,38,True,Microsoft Windows 10.0.26200,X64,.NET 8.0.26,8-16GB,5-8 Cores,1920x1080,PK,PKR,1000-2000,"['new_checkout', 'tax_inclusive']",,,0,app_launch,
f6f42705-1953-4bec-a294-e4a8668a1868,2026-04-21T12:24:54.352767+00:00,2026-05-02T14:24:10.068192+00:00,1.4.0,1200,production,2026-04-11T17:19:07.876014+00:00,2026-05-02T14:24:07.260418+00:00,2026-05-02T14:24:07.260418+00:00,13,47,26,True,Microsoft Windows 10.0.19045,X64,.NET 10.0.7,4-8GB,1-2 Cores,1920x1080,NG,NGN,1000-2000,"['new_checkout', 'tax_inclusive']",,,1,app_launch,e4872c3f-8f25-4f2a-8dc7-7ab76867ad70
3f5881d3-a87f-4ec9-ba3f-138ddb696541,2026-04-19T03:14:38.449418+00:00,2026-04-20T05:59:32.299707+00:00,1.3.2,1200,production,2026-04-19T03:14:38.103878+00:00,2026-04-20T05:59:32.625+00:00,2026-04-20T05:59:32.623697+00:00,2,39,38,True,Microsoft Windows 10.0.26100,X64,.NET 8.0.26,16-32GB,5-8 Cores,1366x768,EG,USD,1000-2000,"['new_checkout', 'tax_inclusive']",,,0,app_launch,
4ff47356-71be-49d9-b452-df94f33d1195,2026-05-03T10:33:47.09526+00:00,2026-05-03T10:48:38.185071+00:00,1.4.0,1200,production,2026-05-03T10:33:46.117296+00:00,2026-05-03T10:48:37.129714+00:00,2026-05-03T10:48:37.129714+00:00,2,25,25,True,Microsoft Windows 10.0.26200,X64,.NET 10.0.7,8-16GB,9-16 Cores,1920x1080,BE,EUR,1000-2000,"['new_checkout', 'tax_inclusive']",,,1,app_launch,a0598b5e-20b7-42e8-9fca-2bf58d1f1443
13b4ecc1-6c22-484a-80b8-d36f7f78e910,2026-04-20T05:59:54.826044+00:00,2026-04-20T05:59:55.878882+00:00,1.3.2,1200,production,2026-04-20T05:59:54.780573+00:00,2026-04-20T05:59:56.20774+00:00,2026-04-20T05:59:56.206008+00:00,1,38,38,True,Microsoft Windows 10.0.26100,X64,.NET 8.0.26,16-32GB,5-8 Cores,1366x768,EG,USD,1000-2000,"['new_checkout', 'tax_inclusive']",,,0,app_launch,
2e0cbf04-24a5-4055-9071-c63a4b938d79,2026-05-02T14:31:21.699737+00:00,2026-05-02T14:31:21.699737+00:00,1.4.0,1200,production,2026-05-02T14:31:18.452744+00:00,2026-05-02T14:31:18.504989+00:00,2026-05-02T14:31:18.504989+00:00,1,26,26,True,Microsoft Windows 10.0.19045,X64,.NET 10.0.7,4-8GB,1-2 Cores,1920x1080,NG,NGN,1000-2000,"['new_checkout', 'tax_inclusive']",,,0,app_launch,628e75aa-cb45-48f2-950a-e789ec3e236c
fdefefe4-9ec0-4d23-90de-6100d2fc937c,2026-04-20T06:00:12.643672+00:00,2026-04-25T11:22:16.894277+00:00,1.3.3,1200,production,2026-04-20T06:00:12.604674+00:00,2026-04-25T11:22:14.267002+00:00,2026-04-25T11:22:14.267002+00:00,125,38,33,True,Microsoft Windows 10.0.26100,X64,.NET 9.0.15,16-32GB,5-8 Cores,1366x768,EG,USD,1000-2000,"['new_checkout', 'tax_inclusive']",,,8,app_launch,bd24d53b-f798-40c0-9835-e16ce78d7da7
e3596e49-01f3-40e2-ae97-667b835e2e22,2026-04-24T18:46:43.692766+00:00,2026-04-28T10:24:04.246075+00:00,1.3.2,1200,production,2026-04-24T18:46:41.066536+00:00,2026-04-28T10:19:12.117646+00:00,2026-04-28T10:19:12.116373+00:00,4,34,30,True,Microsoft Windows 10.0.19045,X64,.NET 8.0.26,0-4GB,3-4 Cores,1366x768,,USD,1000-2000,"['new_checkout', 'tax_inclusive']",,,0,app_launch,
de03bce1-7c5d-4532-88b8-fb830ba8e94c,2026-05-03T11:26:07.950576+00:00,2026-05-03T18:28:19.499313+00:00,1.4.2,1200,production,2026-05-03T11:07:29.146493+00:00,2026-05-03T18:28:17.346129+00:00,2026-05-03T18:28:17.346129+00:00,11,25,25,True,Microsoft Windows 10.0.26100,X64,.NET 10.0.7,16-32GB,5-8 Cores,1366x768,EG,USD,1000-2000,"['new_checkout', 'tax_inclusive']",,,4,app_launch,759fcbe2-4204-4762-a3f2-9f375e22f77e
fdeb7b71-5543-4755-926d-89ed20f4e78a,2026-04-25T12:10:41.514358+00:00,2026-05-02T20:16:15.808732+00:00,1.4.0,1200,production,2026-04-25T12:10:40.383283+00:00,2026-05-02T20:16:12.444773+00:00,2026-05-02T20:16:12.444773+00:00,199,33,26,True,Microsoft Windows 10.0.26100,X64,.NET 10.0.7,16-32GB,5-8 Cores,1366x768,EG,USD,1000-2000,"['new_checkout', 'tax_inclusive']",,,4,app_launch,be2cdfa2-ec47-4bd8-8c28-ab389c544163
77593874-5927-4bd3-9a38-bb6da7756f05,2026-05-03T21:22:17.558457+00:00,2026-05-03T21:45:28.493419+00:00,1.4.2,1200,production,2026-05-03T18:45:47.158072+00:00,2026-05-03T21:45:26.455608+00:00,2026-05-03T21:45:26.455608+00:00,8,25,25,True,Microsoft Windows 10.0.26100,X64,.NET 10.0.7,16-32GB,5-8 Cores,1366x768,EG,USD,1000-2000,"['new_checkout', 'tax_inclusive']",,,1,app_launch,503039d7-5484-4711-9afc-eaba4dfb1b70
59679448-6375-4533-99cd-0ddd6c401d20,2026-04-05T15:10:08.133853+00:00,2026-05-25T15:56:29.022782+00:00,1.2.0,1100,production,2026-04-05T15:10:06.669306+00:00,2026-05-25T15:56:28.119562+00:00,2026-05-25T15:56:28.11857+00:00,2,53,3,True,Microsoft Windows 10.0.19045,X64,.NET 8.0.25,8-16GB,5-8 Cores,1920x1080,TR,GBP,1000-2000,"['new_checkout', 'tax_inclusive']",,,0,app_launch,
a45cb7db-f9be-444e-bd00-692b2005ccef,2026-05-04T11:31:10.065065+00:00,2026-05-04T12:02:40.648017+00:00,1.4.2,1200,production,2026-05-04T11:25:57.87387+00:00,2026-05-04T12:02:38.532309+00:00,2026-05-04T12:02:38.532309+00:00,11,24,24,True,Microsoft Windows 10.0.26100,X64,.NET 10.0.7,16-32GB,5-8 Cores,1366x768,EG,USD,1000-2000,"['new_checkout', 'tax_inclusive']",,,0,app_launch,c97672a4-960a-4e08-93b5-bb797a6a70a2
25f20d8d-3d13-4281-8a26-b353bd582570,2026-05-04T13:04:02.943828+00:00,2026-05-04T13:04:23.204944+00:00,1.4.2,1200,production,2026-05-04T13:04:00.393182+00:00,2026-05-04T13:04:21.199405+00:00,2026-05-04T13:04:21.199405+00:00,2,24,24,True,Microsoft Windows 10.0.26100,X64,.NET 10.0.7,16-32GB,5-8 Cores,1366x768,NL,USD,1000-2000,"['new_checkout', 'tax_inclusive']",,,0,app_launch,49f95822-5d2a-4349-aedd-288fa5b78753
5fb64383-c487-42f2-a121-1cf9e2e35912,2026-05-04T14:00:08.987226+00:00,2026-05-04T14:00:08.987226+00:00,1.4.3,1200,production,2026-05-04T21:59:50.866026+00:00,2026-05-04T21:59:51.097204+00:00,2026-05-04T21:59:51.097204+00:00,1,24,24,True,Microsoft Windows 10.0.19044,X64,.NET 10.0.7,8-16GB,3-4 Cores,1400x1050,US,USD,1000-2000,"['new_checkout', 'tax_inclusive']",,,0,app_launch,4fefa897-8425-4d54-99f3-ca858a087b8c
a94ac8eb-0e17-4d9a-a195-0b5c5082c7db,2026-04-28T15:15:21.375441+00:00,2026-04-29T11:42:51.586215+00:00,1.4.0,1200,production,2026-04-28T15:15:19.259051+00:00,2026-04-29T11:42:49.783437+00:00,2026-04-29T11:42:49.783437+00:00,18,30,29,True,Microsoft Windows 10.0.26200,X64,.NET 10.0.7,4-8GB,5-8 Cores,1920x1080,PH,PHP,1000-2000,"['new_checkout', 'tax_inclusive']",,,0,app_launch,849ca265-99de-4f96-afb5-abf8a6423781
af465353-c00e-494e-9216-99db7c9d8ca4,2026-05-04T16:29:04.309353+00:00,2026-05-04T16:29:04.309353+00:00,1.4.3,1200,production,2026-05-04T16:28:59.299124+00:00,2026-05-04T16:28:59.522378+00:00,2026-05-04T16:28:59.522378+00:00,1,24,24,True,Microsoft Windows 10.0.19045,X64,.NET 10.0.7,0-4GB,1-2 Cores,1920x1080,UA,USD,1000-2000,"['new_checkout', 'tax_inclusive']",,,0,app_launch,900df209-b8ed-45b1-8fdc-944bc993f760
1dd5b2ed-a6c7-4459-9f95-fd98f6c4e00c,2026-05-04T19:32:50.710457+00:00,2026-05-04T19:32:50.710457+00:00,1.4.3,1200,production,2026-05-04T19:33:08.765654+00:00,2026-05-04T19:33:08.83436+00:00,2026-05-04T19:33:08.83436+00:00,1,24,24,True,Microsoft Windows 10.0.26200,X64,.NET 10.0.7,8-16GB,5-8 Cores,3000x2000,GH,GHS,1000-2000,"['new_checkout', 'tax_inclusive']",,,0,app_launch,baa0aa48-b11f-4743-9714-e1c2502b2e4e
5db52ce2-dc35-46a9-a2b4-ec7d6f872293,2026-05-04T23:28:07.466566+00:00,2026-05-04T23:28:07.466566+00:00,1.4.3,1200,production,2026-05-04T23:27:57.966215+00:00,2026-05-04T23:27:58.108252+00:00,2026-05-04T23:27:58.108252+00:00,1,24,24,True,Microsoft Windows 10.0.19044,X64,.NET 10.0.7,8-16GB,1-2 Cores,1920x1080,CN,CNY,1000-2000,"['new_checkout', 'tax_inclusive']",,,0,app_launch,e8a8e5a1-8895-4975-a455-5c1f4e844664
80609db7-a1e8-4cb0-ba61-b0266f99d6bd,2026-05-05T02:55:53.755025+00:00,2026-05-05T02:56:33.927+00:00,1.4.2,1200,production,2026-05-05T02:55:51.717671+00:00,2026-05-05T02:56:32.216466+00:00,2026-05-05T02:56:32.216466+00:00,2,23,23,True,Microsoft Windows 10.0.26100,X64,.NET 10.0.7,16-32GB,5-8 Cores,1366x768,EG,USD,1000-2000,"['new_checkout', 'tax_inclusive']",,,0,app_launch,54c825a9-1dcc-4edb-8374-4755ccfd49e6
5a0082d2-7cad-4cc0-b0f3-66b2ca3a2b90,2026-05-05T12:42:57.877981+00:00,2026-05-05T12:56:56.45636+00:00,1.4.3,1200,production,2026-05-05T12:42:55.054152+00:00,2026-05-05T12:56:54.377805+00:00,2026-05-05T12:56:54.377805+00:00,4,23,23,True,Microsoft Windows 10.0.26100,X64,.NET 10.0.7,16-32GB,5-8 Cores,1366x768,EG,USD,1000-2000,"['new_checkout', 'tax_inclusive']",,,0,app_launch,993aea78-92c4-4bd9-9142-04aa612c2c3e
1a0b89b1-e1a0-438a-a58f-838198e03f84,2026-05-05T03:04:03.847314+00:00,2026-05-05T03:33:12.568046+00:00,1.4.3,1200,production,2026-05-05T03:04:01.413478+00:00,2026-05-05T03:33:09.633555+00:00,2026-05-05T03:33:09.633555+00:00,3,23,23,True,Microsoft Windows 10.0.26100,X64,.NET 10.0.7,16-32GB,5-8 Cores,1366x768,EG,USD,1000-2000,"['new_checkout', 'tax_inclusive']",,,0,app_launch,cea4add9-74a0-4917-b3cd-727383f0d8b3
23e5a0ec-affc-46aa-b81a-e30396d87f0f,2026-05-05T03:45:23.098389+00:00,2026-05-05T03:45:40.843302+00:00,1.4.3,1200,production,2026-05-05T03:45:21.128955+00:00,2026-05-05T03:45:38.855919+00:00,2026-05-05T03:45:38.855919+00:00,2,23,23,True,Microsoft Windows 10.0.26100,X64,.NET 10.0.7,16-32GB,5-8 Cores,1366x768,EG,USD,1000-2000,"['new_checkout', 'tax_inclusive']",,,0,app_launch,05405f2f-099c-46e4-85fb-b6ff2d67fe24
3862f209-2249-42b0-b662-26c77e45683a,2026-05-05T03:46:37.929958+00:00,2026-05-05T03:46:53.602841+00:00,1.4.3,1200,production,2026-05-05T03:46:36.01951+00:00,2026-05-05T03:46:51.918406+00:00,2026-05-05T03:46:51.918406+00:00,2,23,23,True,Microsoft Windows 10.0.26100,X64,.NET 10.0.7,16-32GB,5-8 Cores,1366x768,EG,USD,1000-2000,"['new_checkout', 'tax_inclusive']",,,0,app_launch,d80cf0d0-c965-48a4-b3d5-fd46b328f955
cba4159c-08e7-4b8a-b815-d21f208b4450,2026-05-05T13:02:24.688323+00:00,2026-05-05T13:13:06.125581+00:00,1.4.3,1200,production,2026-05-05T13:02:22.382196+00:00,2026-05-05T13:13:02.863868+00:00,2026-05-05T13:13:02.863868+00:00,3,23,23,True,Microsoft Windows 10.0.26100,X64,.NET 10.0.7,16-32GB,5-8 Cores,1366x768,EG,USD,1000-2000,"['new_checkout', 'tax_inclusive']",,,0,app_launch,a0e14283-1e4d-4a28-ab5e-fe1893673403
ad60c879-2af0-4738-a842-01c745f02433,2026-05-05T13:17:18.01028+00:00,2026-05-05T13:17:37.58176+00:00,1.4.3,1200,production,2026-05-05T13:17:15.738136+00:00,2026-05-05T13:17:35.628736+00:00,2026-05-05T13:17:35.628736+00:00,2,23,23,True,Microsoft Windows 10.0.26100,X64,.NET 10.0.7,16-32GB,5-8 Cores,1366x768,EG,USD,1000-2000,"['new_checkout', 'tax_inclusive']",,,0,app_launch,df129172-89ec-4ecb-a5c0-e10441f4b601
9e35bc34-aa0f-4a94-972a-1931d35e0fb7,2026-05-05T04:37:08.55053+00:00,2026-05-05T04:37:26.477875+00:00,1.4.3,1200,production,2026-05-05T04:37:06.72199+00:00,2026-05-05T04:37:24.716875+00:00,2026-05-05T04:37:24.716875+00:00,2,23,23,True,Microsoft Windows 10.0.26100,X64,.NET 10.0.7,16-32GB,5-8 Cores,1366x768,EG,USD,1000-2000,"['new_checkout', 'tax_inclusive']",,,0,app_launch,00c69144-300d-4bbb-b82b-6c59f76022e8
d963f7c1-4f31-45a7-9fb4-326536b13842,2026-05-05T04:19:21.663814+00:00,2026-05-05T05:00:10.305175+00:00,1.4.3,1200,production,2026-05-05T04:19:19.308092+00:00,2026-05-05T05:00:06.945145+00:00,2026-05-05T05:00:06.945145+00:00,5,23,23,True,Microsoft Windows 10.0.26100,X64,.NET 10.0.7,16-32GB,5-8 Cores,1366x768,EG,USD,1000-2000,"['new_checkout', 'tax_inclusive']",,,0,app_launch,a20efff7-ddea-4671-845f-e49079d77f7f
3df8187b-cb8c-4b35-ae37-a580797cc64a,2026-05-05T13:32:16.153215+00:00,2026-05-05T13:35:01.791146+00:00,1.4.3,1200,production,2026-05-05T13:32:13.350086+00:00,2026-05-05T13:34:59.108655+00:00,2026-05-05T13:34:59.108655+00:00,3,23,23,True,Microsoft Windows 10.0.26100,X64,.NET 10.0.7,16-32GB,5-8 Cores,1366x768,EG,USD,1000-2000,"['new_checkout', 'tax_inclusive']",,,0,app_launch,04156ef1-9f8b-42ee-8e82-a38b368fd40d
f81e7812-9829-4f44-a4b4-109760787ad6,2026-05-05T05:04:40.940587+00:00,2026-05-05T05:14:27.48842+00:00,1.4.3,1200,production,2026-05-05T05:04:38.671278+00:00,2026-05-05T05:14:25.219827+00:00,2026-05-05T05:14:25.219827+00:00,4,23,23,True,Microsoft Windows 10.0.26100,X64,.NET 10.0.7,16-32GB,5-8 Cores,1366x768,EG,USD,1000-2000,"['new_checkout', 'tax_inclusive']",,,0,app_launch,20beb3d5-bc36-4e58-87b7-82810d09ccbe
01af8599-451a-4269-a653-6dfa4ecda211,2026-05-05T13:43:18.943963+00:00,2026-05-05T13:46:38.679319+00:00,1.4.3,1200,production,2026-05-05T13:43:16.597042+00:00,2026-05-05T13:46:36.098924+00:00,2026-05-05T13:46:36.098924+00:00,3,23,23,True,Microsoft Windows 10.0.26100,X64,.NET 10.0.7,16-32GB,5-8 Cores,1366x768,EG,USD,1000-2000,"['new_checkout', 'tax_inclusive']",,,0,app_launch,64610a87-2a56-4369-a4f9-ecb9fb811f64
d77184f1-394b-4470-b139-b1842e46cf7e,2026-05-05T05:19:57.982472+00:00,2026-05-05T05:20:15.588135+00:00,1.4.3,1200,production,2026-05-05T05:19:56.028851+00:00,2026-05-05T05:20:13.748592+00:00,2026-05-05T05:20:13.748592+00:00,2,23,23,True,Microsoft Windows 10.0.26100,X64,.NET 10.0.7,16-32GB,5-8 Cores,1366x768,EG,USD,1000-2000,"['new_checkout', 'tax_inclusive']",,,0,app_launch,78b38c88-a06c-4cdd-821f-15ecdd26eb36
da8b7005-c30a-4886-9291-6a511943bb9e,2026-05-05T06:09:22.42917+00:00,2026-05-05T06:09:41.336036+00:00,1.4.3,1200,production,2026-05-05T06:09:19.445212+00:00,2026-05-05T06:09:39.581304+00:00,2026-05-05T06:09:39.581304+00:00,2,23,23,True,Microsoft Windows 10.0.26100,X64,.NET 10.0.7,16-32GB,5-8 Cores,1366x768,EG,USD,1000-2000,"['new_checkout', 'tax_inclusive']",,,0,app_launch,82f5dc7b-c154-4bf3-9da5-c7e8f1ce488f
0b5aa60f-414d-4ca9-b1ef-8168e26d295a,2026-05-05T06:17:08.001456+00:00,2026-05-05T06:17:22.178426+00:00,1.4.3,1200,production,2026-05-05T06:17:04.825931+00:00,2026-05-05T06:17:20.417858+00:00,2026-05-05T06:17:20.417858+00:00,2,23,23,True,Microsoft Windows 10.0.26100,X64,.NET 10.0.7,16-32GB,5-8 Cores,1366x768,EG,USD,1000-2000,"['new_checkout', 'tax_inclusive']",,,0,app_launch,5220b95d-d23a-4de1-9c3a-cd46f08f6509
efaf196e-b7dc-4fea-a709-e43281b9de24,2026-05-05T11:24:12.788998+00:00,2026-05-05T11:24:12.788998+00:00,1.4.3,1200,production,2026-05-05T11:24:09.63186+00:00,2026-05-05T11:24:09.674895+00:00,2026-05-05T11:24:09.674895+00:00,1,23,23,True,Microsoft Windows 10.0.26100,X64,.NET 10.0.7,16-32GB,5-8 Cores,1366x768,EG,USD,1000-2000,"['new_checkout', 'tax_inclusive']",,,0,app_launch,8a896cb1-71ef-4fb5-b6ef-5d7b0fe77ec3
71117084-c0b4-46fd-9bab-382c795bcbc2,2026-05-05T13:53:17.847136+00:00,2026-05-05T13:55:37.200549+00:00,1.4.3,1200,production,2026-05-05T13:53:14.843462+00:00,2026-05-05T13:55:35.008995+00:00,2026-05-05T13:55:35.008995+00:00,3,23,23,True,Microsoft Windows 10.0.26100,X64,.NET 10.0.7,16-32GB,5-8 Cores,1366x768,EG,USD,1000-2000,"['new_checkout', 'tax_inclusive']",,,0,app_launch,bd151237-02bc-4365-bb6f-a11886e39b52
2a7042bd-5bd1-4524-8c4e-de5bda259300,2026-05-05T12:35:59.606029+00:00,2026-05-05T12:36:47.413923+00:00,1.4.3,1200,production,2026-05-05T12:35:56.267083+00:00,2026-05-05T12:36:45.244991+00:00,2026-05-05T12:36:45.244991+00:00,2,23,23,True,Microsoft Windows 10.0.26100,X64,.NET 10.0.7,16-32GB,5-8 Cores,1366x768,EG,USD,1000-2000,"['new_checkout', 'tax_inclusive']",,,0,app_launch,188c2a80-fd85-4d65-8d5d-4481a976a725
1c31fc07-5707-4210-a0f2-3b6ab3148668,2026-05-05T14:10:55.887652+00:00,2026-05-05T14:37:52.419796+00:00,1.4.3,1200,production,2026-05-05T14:10:53.26492+00:00,2026-05-05T14:37:49.780639+00:00,2026-05-05T14:37:49.780639+00:00,5,23,23,True,Microsoft Windows 10.0.26100,X64,.NET 10.0.7,16-32GB,5-8 Cores,1366x768,,USD,1000-2000,"['new_checkout', 'tax_inclusive']",,,0,app_launch,306421cb-e87e-44f7-a959-6f0d9f99a5e6
64b8ae78-db93-48c5-b978-d3cd87d1380b,2026-05-05T14:43:58.180623+00:00,2026-05-05T14:44:18.286231+00:00,1.4.3,1200,production,2026-05-05T14:43:55.457625+00:00,2026-05-05T14:44:11.547342+00:00,2026-05-05T14:44:11.547342+00:00,2,23,23,True,Microsoft Windows 10.0.26100,X64,.NET 10.0.7,16-32GB,5-8 Cores,1366x768,EG,USD,1000-2000,"['new_checkout', 'tax_inclusive']",,,0,app_launch,2932e60a-49ae-4646-a9ba-6a09d9648317
8bcfc3dc-ffe5-4c90-b421-9ac79d78b559,2026-05-05T16:29:57.539096+00:00,2026-05-05T16:29:57.539096+00:00,1.4.3,1200,production,2026-05-05T16:29:57.767523+00:00,2026-05-05T16:29:57.841323+00:00,2026-05-05T16:29:57.841323+00:00,1,23,23,True,Microsoft Windows 10.0.19045,X64,.NET 10.0.7,8-16GB,5-8 Cores,1920x1080,LV,EUR,1000-2000,"['new_checkout', 'tax_inclusive']",,,0,app_launch,b856a9d2-bf99-440b-87b3-7a48fc62668f
271ec753-c517-4b0c-8fd9-914abcf1f58f,2026-05-05T16:53:14.854503+00:00,2026-05-05T16:53:14.854503+00:00,1.4.3,1200,production,2026-05-05T16:53:14.213502+00:00,2026-05-05T16:53:14.23192+00:00,2026-05-05T16:53:14.23192+00:00,1,23,23,True,Microsoft Windows 10.0.26200,X64,.NET 10.0.7,16-32GB,9-16 Cores,1920x1080,TR,TRY,1000-2000,"['new_checkout', 'tax_inclusive']",,,0,app_launch,aeb14293-6894-4b26-acd3-27deadd3314f
146187fb-83ff-4a8b-b8d4-3e13e32208d8,2026-05-05T17:30:46.540493+00:00,2026-05-05T17:30:46.540493+00:00,1.4.3,1200,production,2026-05-05T17:30:43.88371+00:00,2026-05-05T17:30:43.944845+00:00,2026-05-05T17:30:43.944845+00:00,1,23,23,True,Microsoft Windows 10.0.26100,X64,.NET 10.0.7,16-32GB,5-8 Cores,1366x768,EG,USD,1000-2000,"['new_checkout', 'tax_inclusive']",,,0,app_launch,af3bb3b6-edf5-455a-be78-f9ba1b673e9b
11a09f9a-2b28-4f16-b71a-0dcb1d1f6e27,2026-05-08T12:06:32.549007+00:00,2026-05-08T12:06:32.549007+00:00,1.4.7,1200,production,2026-05-08T12:06:28.79164+00:00,2026-05-08T12:06:28.870614+00:00,2026-05-08T12:06:28.870614+00:00,1,20,20,True,Microsoft Windows 10.0.26200,X64,.NET 10.0.7,4-8GB,1-2 Cores,1366x768,KM,KMF,1000-2000,"['new_checkout', 'tax_inclusive']",,,0,app_launch,6793adca-12d0-4e77-9f6d-cc825f399213
0602194b-bfcd-4110-8e6f-1ed7779c043d,2026-05-05T18:06:20.52999+00:00,2026-05-05T20:10:43.017067+00:00,1.4.4,1200,production,2026-05-05T17:50:04.78227+00:00,2026-05-05T20:10:39.198715+00:00,2026-05-05T20:10:39.198715+00:00,10,23,23,True,Microsoft Windows 10.0.26100,X64,.NET 10.0.7,16-32GB,5-8 Cores,1366x768,EG,USD,1000-2000,"['new_checkout', 'tax_inclusive']",,,0,app_launch,6096e6e2-f9d3-4546-8388-71c6127346ce
04c4a860-8a2d-4773-8f7e-bc09719f35cb,2026-05-05T20:20:44.579622+00:00,2026-05-05T21:22:06.294635+00:00,1.4.4,1200,production,2026-05-05T20:20:39.155203+00:00,2026-05-05T21:22:02.946764+00:00,2026-05-05T21:22:02.946764+00:00,3,23,23,True,Microsoft Windows 10.0.26100,X64,.NET 10.0.7,16-32GB,5-8 Cores,1366x768,EG,USD,1000-2000,"['new_checkout', 'tax_inclusive']",,,0,app_launch,cc7d1c04-7125-439a-a895-104f547bf481
6d90d0b0-4134-449a-95e7-df6c05ce5bc1,2026-05-05T21:32:19.50078+00:00,2026-05-05T21:32:39.034841+00:00,1.4.4,1200,production,2026-05-05T21:32:16.805514+00:00,2026-05-05T21:32:36.682086+00:00,2026-05-05T21:32:36.682086+00:00,2,23,23,True,Microsoft Windows 10.0.26100,X64,.NET 10.0.7,16-32GB,5-8 Cores,1366x768,EG,USD,1000-2000,"['new_checkout', 'tax_inclusive']",,,0,app_launch,12223f59-9461-4eb2-bc0c-1cc92127209e
a92aadf8-6ce7-44fd-9f1d-f29efee6d13c,2026-05-06T10:02:04.391311+00:00,2026-05-06T10:02:04.391311+00:00,1.4.3,1200,production,2026-05-06T10:02:02.639125+00:00,2026-05-06T10:02:02.672365+00:00,2026-05-06T10:02:02.672365+00:00,1,22,22,True,Microsoft Windows 10.0.26200,X64,.NET 10.0.7,16-32GB,5-8 Cores,1920x1080,ZW,USD,1000-2000,"['new_checkout', 'tax_inclusive']",,,0,app_launch,0fe04387-3817-498e-894e-d53a1e101c3a
02ba2838-6a0a-4aff-ad22-2b644f895534,2026-05-06T11:50:34.035634+00:00,2026-05-06T11:50:34.035634+00:00,1.4.3,1200,production,2026-05-06T11:50:39.457013+00:00,2026-05-06T11:50:39.500973+00:00,2026-05-06T11:50:39.500973+00:00,1,22,22,True,Microsoft Windows 10.0.26200,X64,.NET 10.0.7,8-16GB,5-8 Cores,1920x1200,KE,GBP,1000-2000,"['new_checkout', 'tax_inclusive']",,,0,app_launch,458f8c8b-52b0-4727-baa3-220726105cc4
8b15192e-7cd0-45ed-b811-93c1b91b631c,2026-05-06T02:54:34.309257+00:00,2026-05-06T12:42:16.689712+00:00,1.4.4,1200,production,2026-05-06T02:54:31.615788+00:00,2026-05-06T12:42:11.964116+00:00,2026-05-06T12:42:11.964116+00:00,6,22,22,True,Microsoft Windows 10.0.26100,X64,.NET 10.0.7,16-32GB,5-8 Cores,1366x768,EG,USD,1000-2000,"['new_checkout', 'tax_inclusive']",,,0,app_launch,df58399b-f430-41f4-a54a-6bf1fbd3b612
1c22a2f6-2290-47f6-b9d1-35bbe8d8a6ff,2026-05-06T14:26:43.797379+00:00,2026-05-06T14:27:02.674046+00:00,1.4.4,1200,production,2026-05-06T14:26:41.49283+00:00,2026-05-06T14:27:01.124848+00:00,2026-05-06T14:27:01.124848+00:00,2,22,22,True,Microsoft Windows 10.0.26100,X64,.NET 10.0.7,16-32GB,5-8 Cores,1366x768,EG,USD,1000-2000,"['new_checkout', 'tax_inclusive']",,,0,app_launch,49133d14-3791-4329-9b9c-39f39e74d6df
b318e1b3-46c5-4fe7-917c-f5dd5f10ac49,2026-05-06T14:28:50.64241+00:00,2026-05-06T14:29:07.533891+00:00,1.4.4,1200,production,2026-05-06T14:28:48.725314+00:00,2026-05-06T14:29:06.128813+00:00,2026-05-06T14:29:06.128813+00:00,2,22,22,True,Microsoft Windows 10.0.26100,X64,.NET 10.0.7,16-32GB,5-8 Cores,1366x768,EG,USD,1000-2000,"['new_checkout', 'tax_inclusive']",,,0,app_launch,18c0565b-ba7e-40f3-bab6-a0e65b797a7c
33fb3d05-bda3-4710-a11a-585ac26b4d1a,2026-05-06T16:39:07.8962+00:00,2026-05-06T18:52:41.642597+00:00,1.4.4,1200,production,2026-05-06T16:39:05.763819+00:00,2026-05-06T18:52:39.985212+00:00,2026-05-06T18:52:39.985212+00:00,5,22,22,True,Microsoft Windows 10.0.26100,X64,.NET 10.0.7,16-32GB,5-8 Cores,1366x768,EG,USD,1000-2000,"['new_checkout', 'tax_inclusive']",,,0,app_launch,12b85fdb-a074-4271-a660-35856908ee8b
575bc684-32f4-404a-b707-59c10701ed25,2026-05-06T18:53:20.797927+00:00,2026-05-06T18:53:20.797927+00:00,1.4.5,1200,production,2026-05-06T18:53:17.067738+00:00,2026-05-06T18:53:17.119917+00:00,2026-05-06T18:53:17.119917+00:00,1,22,22,True,Microsoft Windows 10.0.26100,X64,.NET 10.0.7,16-32GB,5-8 Cores,1366x768,EG,USD,1000-2000,"['new_checkout', 'tax_inclusive']",,,0,app_launch,9df1329a-a97d-4c4a-aecc-b016b56811e3
42ce7c8f-ccd1-434b-8f87-6c0b6691b4b3,2026-05-06T20:49:26.981612+00:00,2026-05-06T20:49:26.981612+00:00,1.4.5,1200,production,2026-05-06T20:49:21.584913+00:00,2026-05-06T20:49:21.637667+00:00,2026-05-06T20:49:21.637667+00:00,1,22,22,True,Microsoft Windows 10.0.26100,X64,.NET 10.0.7,16-32GB,5-8 Cores,1366x768,EG,USD,1000-2000,"['new_checkout', 'tax_inclusive']",,,0,app_launch,4bca62a4-3271-42cc-9af3-bb281fe6e650
026ce662-ca68-4c94-b377-8049d2afb209,2026-05-06T20:55:15.35964+00:00,2026-05-06T20:55:35.885873+00:00,1.4.5,1200,production,2026-05-06T20:55:12.44814+00:00,2026-05-06T20:55:33.171824+00:00,2026-05-06T20:55:33.171824+00:00,2,22,22,True,Microsoft Windows 10.0.26100,X64,.NET 10.0.7,16-32GB,5-8 Cores,1366x768,EG,USD,1000-2000,"['new_checkout', 'tax_inclusive']",,,0,app_launch,3c58416c-0c56-4c6a-a31c-ee584c839144
c37d766a-ff2e-4ed6-a6d7-c47e70ad5db0,2026-05-06T21:11:59.520775+00:00,2026-05-06T21:12:15.524663+00:00,1.4.5,1200,production,2026-05-06T21:11:57.426504+00:00,2026-05-06T21:12:13.609928+00:00,2026-05-06T21:12:13.609928+00:00,2,22,22,True,Microsoft Windows 10.0.26100,X64,.NET 10.0.7,16-32GB,5-8 Cores,1366x768,EG,USD,1000-2000,"['new_checkout', 'tax_inclusive']",,,0,app_launch,987d1f32-024c-4eed-a45f-8b8e9b0fd11a
c2c25423-d79d-4cad-909e-5d308cb67627,2026-05-06T21:39:53.076071+00:00,2026-05-06T21:41:13.924476+00:00,1.4.5,1200,production,2026-05-06T21:39:50.841999+00:00,2026-05-06T21:41:12.169257+00:00,2026-05-06T21:41:12.169257+00:00,3,22,22,True,Microsoft Windows 10.0.26100,X64,.NET 10.0.7,16-32GB,5-8 Cores,1366x768,EG,USD,1000-2000,"['new_checkout', 'tax_inclusive']",,,0,app_launch,badeadb6-d79b-4dbf-badb-60667f250978
b0e7a7a2-f750-4268-8f4e-6fd75446c4f3,2026-05-07T07:23:03.517605+00:00,2026-05-07T07:23:20.3347+00:00,1.4.6,1200,production,2026-05-07T07:23:01.41844+00:00,2026-05-07T07:23:18.579686+00:00,2026-05-07T07:23:18.579686+00:00,2,21,21,True,Microsoft Windows 10.0.26100,X64,.NET 10.0.7,16-32GB,5-8 Cores,1366x768,EG,USD,1000-2000,"['new_checkout', 'tax_inclusive']",,,0,app_launch,b8052d10-d32a-47f9-9380-e8ea51bdce80
4c17b6d7-3d4e-4b50-b38a-27c124da90e9,2026-05-07T08:40:46.394533+00:00,2026-05-07T08:40:46.394533+00:00,1.4.4,1200,production,2026-05-07T08:40:40.973287+00:00,2026-05-07T08:40:41.211729+00:00,2026-05-07T08:40:41.211729+00:00,1,21,21,True,Microsoft Windows 10.0.19045,X64,.NET 10.0.7,0-4GB,1-2 Cores,1920x1080,FO,USD,1000-2000,"['new_checkout', 'tax_inclusive']",,,0,app_launch,3a819f12-cea8-4661-9eed-0a2a25c0e497
f44fb022-f91b-4e98-b26c-004b067ff372,2026-05-07T09:07:21.956251+00:00,2026-05-07T09:11:33.21322+00:00,1.4.6,1200,production,2026-05-07T09:07:18.956181+00:00,2026-05-07T09:11:30.390464+00:00,2026-05-07T09:11:30.390464+00:00,3,21,21,True,Microsoft Windows 10.0.26100,X64,.NET 10.0.7,16-32GB,5-8 Cores,1366x768,EG,USD,1000-2000,"['new_checkout', 'tax_inclusive']",,,0,app_launch,6c26475e-0360-48bc-b560-6b427372d9d8
6b279b25-6f75-4f3b-aec3-1ec675c15d34,2026-05-07T09:21:38.313407+00:00,2026-05-07T09:21:51.290412+00:00,1.4.6,1200,production,2026-05-07T09:21:33.200614+00:00,2026-05-07T09:21:49.715724+00:00,2026-05-07T09:21:49.715724+00:00,2,21,21,True,Microsoft Windows 10.0.26100,X64,.NET 10.0.7,16-32GB,5-8 Cores,1366x768,EG,USD,1000-2000,"['new_checkout', 'tax_inclusive']",,,0,app_launch,228d0d15-dd63-47a7-ac44-a6a79fe63f91
61ab7ffa-cb4e-4b38-9261-a77979ae87db,2026-05-07T09:39:19.381844+00:00,2026-05-07T09:40:02.015563+00:00,1.4.6,1200,production,2026-05-07T09:39:07.373883+00:00,2026-05-07T09:39:59.961539+00:00,2026-05-07T09:39:59.961539+00:00,2,21,21,True,Microsoft Windows 10.0.26100,X64,.NET 10.0.7,16-32GB,5-8 Cores,1366x768,EG,USD,1000-2000,"['new_checkout', 'tax_inclusive']",,,0,app_launch,c9010606-8ec4-45ec-9c88-93df781e85c5
0a8ea4ba-5f1f-4d4d-b2eb-f713e7c68ad2,2026-05-07T09:46:30.50449+00:00,2026-05-07T09:46:49.870928+00:00,1.4.6,1200,production,2026-05-07T09:46:28.415939+00:00,2026-05-07T09:46:48.235913+00:00,2026-05-07T09:46:48.235913+00:00,2,21,21,True,Microsoft Windows 10.0.26100,X64,.NET 10.0.7,16-32GB,5-8 Cores,1366x768,EG,USD,1000-2000,"['new_checkout', 'tax_inclusive']",,,0,app_launch,6ac35928-cfe7-4d39-9556-f33807313505
d6022c4d-0fde-4f51-882e-bd0b51348c83,2026-05-08T12:59:12.097087+00:00,2026-05-08T12:59:12.097087+00:00,1.4.4,1200,production,2026-05-08T12:59:10.265855+00:00,2026-05-08T12:59:10.333742+00:00,2026-05-08T12:59:10.333742+00:00,1,20,20,True,Microsoft Windows 10.0.19045,X64,.NET 10.0.7,4-8GB,1-2 Cores,1920x1080,KW,USD,1000-2000,"['new_checkout', 'tax_inclusive']",,,0,app_launch,a1af60a0-6a8b-4b2f-b9c0-9d298d1ca765
8c34e8c7-5d38-4ce7-bcc6-3bbe0b75a26c,2026-05-07T10:10:09.300761+00:00,2026-05-07T10:10:25.040512+00:00,1.4.6,1200,production,2026-05-07T10:10:07.374603+00:00,2026-05-07T10:10:23.250352+00:00,2026-05-07T10:10:23.250352+00:00,2,21,21,True,Microsoft Windows 10.0.26100,X64,.NET 10.0.7,16-32GB,5-8 Cores,1366x768,EG,USD,1000-2000,"['new_checkout', 'tax_inclusive']",,,0,app_launch,1f25ebfe-1d68-4f6b-92ce-1ae0cdd7c284
85c3d764-7cdb-4b3e-808d-157e2f4acb43,2026-05-16T21:33:59.365906+00:00,2026-05-16T21:46:10.546846+00:00,1.4.7,1200,production,2026-05-16T21:33:52.528254+00:00,2026-05-16T21:46:05.017848+00:00,2026-05-16T21:46:05.017848+00:00,6,12,12,True,Microsoft Windows 10.0.26200,X64,.NET 10.0.7,8-16GB,5-8 Cores,1920x1080,MA,EUR,1000-2000,"['new_checkout', 'tax_inclusive']",,,0,app_launch,f16336af-e6ac-45a7-9e2e-1cdb7572bfcb
c6e0957d-649d-4d8e-8ad2-bd939d5d36e2,2026-05-07T10:44:33.367836+00:00,2026-05-07T10:45:05.393242+00:00,1.4.6,1200,production,2026-05-07T10:44:28.690185+00:00,2026-05-07T10:45:03.37046+00:00,2026-05-07T10:45:03.37046+00:00,2,21,21,True,Microsoft Windows 10.0.26100,X64,.NET 10.0.7,16-32GB,5-8 Cores,1366x768,EG,USD,1000-2000,"['new_checkout', 'tax_inclusive']",,,0,app_launch,71544440-a9a8-4c76-830f-72a08071596e
58ec9290-d8b4-4dbe-b109-f840c8e6c369,2026-05-07T10:52:32.564418+00:00,2026-05-07T10:52:48.935716+00:00,1.4.6,1200,production,2026-05-07T10:52:30.387561+00:00,2026-05-07T10:52:46.844959+00:00,2026-05-07T10:52:46.844959+00:00,2,21,21,True,Microsoft Windows 10.0.26100,X64,.NET 10.0.7,16-32GB,5-8 Cores,1366x768,EG,USD,1000-2000,"['new_checkout', 'tax_inclusive']",,,0,app_launch,b24dd1cd-4fdd-4485-a8c5-40b06b6ab45c
a0b0632e-b93b-4d01-8158-4d6ac18fddae,2026-05-07T10:59:38.035991+00:00,2026-05-07T11:00:09.376222+00:00,1.4.6,1200,production,2026-05-07T10:59:35.586291+00:00,2026-05-07T11:00:07.744026+00:00,2026-05-07T11:00:07.744026+00:00,2,21,21,True,Microsoft Windows 10.0.26100,X64,.NET 10.0.7,16-32GB,5-8 Cores,1366x768,EG,USD,1000-2000,"['new_checkout', 'tax_inclusive']",,,0,app_launch,f70cc903-db17-4fff-a14a-f824b50c80b9
05b2be60-091a-4e2b-a9b2-7b10eaf83c66,2026-05-07T11:04:45.930395+00:00,2026-05-07T11:05:04.241466+00:00,1.4.6,1200,production,2026-05-07T11:04:44.101957+00:00,2026-05-07T11:05:00.881394+00:00,2026-05-07T11:05:00.881394+00:00,2,21,21,True,Microsoft Windows 10.0.26100,X64,.NET 10.0.7,16-32GB,5-8 Cores,1366x768,EG,USD,1000-2000,"['new_checkout', 'tax_inclusive']",,,0,app_launch,57a7de79-4ad0-45ca-8b2c-d28999cafb8a
9a2a2759-1847-4107-8216-7907e3e4d7af,2026-05-07T11:11:12.384497+00:00,2026-05-07T11:11:44.071272+00:00,1.4.6,1200,production,2026-05-07T11:11:09.697693+00:00,2026-05-07T11:11:41.355773+00:00,2026-05-07T11:11:41.355773+00:00,2,21,21,True,Microsoft Windows 10.0.26100,X64,.NET 10.0.7,16-32GB,5-8 Cores,1366x768,EG,USD,1000-2000,"['new_checkout', 'tax_inclusive']",,,0,app_launch,b71005ec-8c9d-454d-b3c9-3f9d92869bf0
f9b64f56-3ce1-4ca5-a4db-62eab8a78754,2026-05-07T11:17:15.276432+00:00,2026-05-07T11:17:34.689479+00:00,1.4.6,1200,production,2026-05-07T11:17:12.884758+00:00,2026-05-07T11:17:32.696865+00:00,2026-05-07T11:17:32.696865+00:00,2,21,21,True,Microsoft Windows 10.0.26100,X64,.NET 10.0.7,16-32GB,5-8 Cores,1366x768,EG,USD,1000-2000,"['new_checkout', 'tax_inclusive']",,,0,app_launch,38b0886a-7d16-4b90-acbe-e81b9ea9c9ef
a3912e9d-bce1-444e-8e50-a05d1b859b2a,2026-05-07T11:32:24.322313+00:00,2026-05-07T11:32:52.186881+00:00,1.4.6,1200,production,2026-05-07T11:32:19.925291+00:00,2026-05-07T11:32:50.520967+00:00,2026-05-07T11:32:50.520967+00:00,2,21,21,True,Microsoft Windows 10.0.26100,X64,.NET 10.0.7,16-32GB,5-8 Cores,1366x768,EG,USD,1000-2000,"['new_checkout', 'tax_inclusive']",,,0,app_launch,7a93c594-8293-440c-8ab8-4fce3c6b7fd0
1f81a9f9-ac0b-49ca-8097-86dee067bd05,2026-05-07T11:41:22.194992+00:00,2026-05-07T11:41:39.58458+00:00,1.4.6,1200,production,2026-05-07T11:41:20.17043+00:00,2026-05-07T11:41:37.747666+00:00,2026-05-07T11:41:37.747666+00:00,2,21,21,True,Microsoft Windows 10.0.26100,X64,.NET 10.0.7,16-32GB,5-8 Cores,1366x768,EG,USD,1000-2000,"['new_checkout', 'tax_inclusive']",,,0,app_launch,4d007844-e594-48c1-bb6e-6dcae852db65
f8c3fc4c-c3e8-4dc1-8db4-3963f8c3f386,2026-05-07T12:06:47.307792+00:00,2026-05-09T22:01:28.721096+00:00,1.4.7,1200,production,2026-05-07T12:06:45.168329+00:00,2026-05-09T22:01:25.360079+00:00,2026-05-09T22:01:25.360079+00:00,7,21,19,True,Microsoft Windows 10.0.26100,X64,.NET 10.0.7,16-32GB,5-8 Cores,1366x768,EG,USD,1000-2000,"['new_checkout', 'tax_inclusive']",,,0,app_launch,78c1f822-5326-4e34-85e3-a0e704e59edf
5732d7e0-dd52-4508-a67b-3d5a9f4d00ee,2026-05-07T14:19:11.38128+00:00,2026-05-07T14:27:24.8126+00:00,1.4.7,1200,production,2026-05-07T14:19:11.251214+00:00,2026-05-07T14:27:24.767846+00:00,2026-05-07T14:27:24.767846+00:00,3,21,21,True,Microsoft Windows 10.0.19045,X64,.NET 10.0.7,8-16GB,5-8 Cores,1920x1080,EG,EGP,1000-2000,"['new_checkout', 'tax_inclusive']",,,0,app_launch,9d646de4-7612-4339-aa6c-2501104170fc
4f31da4c-b64b-4944-bad6-03bcc45b592a,2026-05-10T07:56:32.094589+00:00,2026-05-10T07:56:32.094589+00:00,1.4.7,1200,production,2026-05-10T07:56:30.271652+00:00,2026-05-10T07:56:30.325179+00:00,2026-05-10T07:56:30.325179+00:00,1,18,18,True,Microsoft Windows 10.0.19045,X64,.NET 10.0.7,4-8GB,3-4 Cores,1366x768,DZ,EUR,1000-2000,"['new_checkout', 'tax_inclusive']",,,0,app_launch,72e3d0b2-28cc-475a-80f7-abacc75e07f0
4ccef8c8-bca7-4864-a0d8-4ed8887b7158,2026-05-07T16:06:36.178894+00:00,2026-05-07T16:06:37.477167+00:00,1.4.4,1200,production,2026-05-07T16:06:18.681071+00:00,2026-05-07T16:06:18.986979+00:00,2026-05-07T16:06:18.986979+00:00,1,21,21,True,Microsoft Windows 10.0.19044,X64,.NET 10.0.7,8-16GB,1-2 Cores,1920x1080,CN,CNY,1000-2000,"['new_checkout', 'tax_inclusive']",,,0,app_launch,76967acc-508e-4620-a794-323fd050c484
bc355a70-73f6-4900-aac6-ba0f8919ca1e,2026-05-08T17:19:19.75975+00:00,2026-05-10T09:25:25.732474+00:00,1.4.7,1200,production,2026-05-08T17:19:18.954665+00:00,2026-05-10T09:25:23.696946+00:00,2026-05-10T09:25:23.696946+00:00,4,20,18,True,Microsoft Windows 10.0.28000,X64,.NET 10.0.7,4-8GB,3-4 Cores,1920x1080,US,CZK,1000-2000,"['new_checkout', 'tax_inclusive']",,,0,app_launch,37cdf5c8-e0b9-427e-8d39-58fd9040ec88
7f886413-8826-49ce-b07d-9479803dc272,2026-05-10T14:44:05.600569+00:00,2026-05-10T14:44:05.600569+00:00,1.4.4,1200,production,2026-05-10T12:20:26.85515+00:00,2026-05-10T12:20:30.28319+00:00,2026-05-10T12:20:30.28319+00:00,1,18,18,True,Microsoft Windows 10.0.19045,X64,.NET 10.0.7,0-4GB,3-4 Cores,1366x768,,UGX,1000-2000,"['new_checkout', 'tax_inclusive']",,,0,app_launch,4eacce1b-71d3-41ee-abe6-b4d323f8bafc
6b5456ee-2ae0-401a-82b4-16b5cce05008,2026-05-10T17:51:20.478642+00:00,2026-05-10T17:51:20.478642+00:00,1.4.7,1200,production,2026-05-10T17:51:18.40875+00:00,2026-05-10T17:51:18.453414+00:00,2026-05-10T17:51:18.453414+00:00,1,18,18,True,Microsoft Windows 10.0.26200,Arm64,.NET 10.0.7,4-8GB,3-4 Cores,3024x1898,CZ,CZK,1000-2000,"['new_checkout', 'tax_inclusive']",,,0,app_launch,e3b192f7-bf17-489e-89f8-653dde498079
23bf2b3b-723d-4df9-9c34-3092e91e118a,2026-05-11T06:13:29.919609+00:00,2026-05-11T06:13:29.919609+00:00,1.4.7,1200,production,2026-05-11T06:13:27.754556+00:00,2026-05-11T06:13:27.782326+00:00,2026-05-11T06:13:27.782326+00:00,1,17,17,True,Microsoft Windows 10.0.19045,X64,.NET 10.0.7,16-32GB,5-8 Cores,1920x1080,ID,JPY,1000-2000,"['new_checkout', 'tax_inclusive']",,,0,app_launch,8b5f0902-157e-4169-a431-0859fabfc394
2c0c2e79-61ad-4a27-8cad-a999955bd636,2026-05-11T06:49:22.939978+00:00,2026-05-11T06:49:22.939978+00:00,1.4.7,1200,production,2026-05-11T06:49:20.98023+00:00,2026-05-11T06:49:21.004345+00:00,2026-05-11T06:49:21.004345+00:00,1,17,17,True,Microsoft Windows 10.0.19045,X64,.NET 10.0.7,16-32GB,5-8 Cores,1920x1080,ID,JPY,1000-2000,"['new_checkout', 'tax_inclusive']",,,0,app_launch,b70d91d9-b4d9-4773-ab50-18d7094c42a9
349329d0-e272-4fb0-b998-fd8587ca5180,2026-05-07T21:16:58.529683+00:00,2026-05-12T18:50:03.704159+00:00,1.4.7,1200,production,2026-05-07T21:16:56.687207+00:00,2026-05-12T18:50:01.487531+00:00,2026-05-12T18:50:01.487531+00:00,16,21,16,True,Microsoft Windows 10.0.19045,X64,.NET 10.0.7,8-16GB,3-4 Cores,1920x1080,US,USD,1000-2000,"['new_checkout', 'tax_inclusive']",,,1,app_launch,fabb9a7a-6ef4-4fa5-84e0-16007e1d7a19
1c5eb234-939a-40d9-ac0a-e313d840a337,2026-05-27T03:52:39.049687+00:00,2026-05-27T03:52:39.722961+00:00,1.4.7,1200,production,2026-05-27T03:52:17.519475+00:00,2026-05-27T03:52:38.436468+00:00,2026-05-27T03:52:38.436468+00:00,2,1,1,True,Microsoft Windows 10.0.26200,X64,.NET 10.0.7,16-32GB,9-16 Cores,1920x1080,KH,KHR,1000-2000,"['new_checkout', 'tax_inclusive']",,,0,app_launch,99069f20-57bd-4378-b15c-02b5d1117f93
e9202f60-d69f-4427-afa8-753dd21ee93c,2026-04-29T18:21:24.185496+00:00,2026-05-17T04:57:46.356529+00:00,1.4.0,1200,production,2026-04-29T18:21:20.190626+00:00,2026-05-06T11:56:01.269263+00:00,2026-05-06T11:56:01.269263+00:00,19,29,22,True,Microsoft Windows 10.0.19045,X64,.NET 10.0.7,8-16GB,3-4 Cores,1920x1080,,CLP,1000-2000,"['new_checkout', 'tax_inclusive']",,,0,app_launch,558c95dc-a8fc-48a2-ba85-c09bc597715f
829e8c09-748f-4ec7-8af8-f93073e3d7c6,2026-05-11T13:10:28.053982+00:00,2026-05-11T13:51:56.605223+00:00,1.4.7,1200,production,2026-05-11T13:10:20.124831+00:00,2026-05-11T13:51:53.548871+00:00,2026-05-11T13:51:53.548871+00:00,4,17,17,True,Microsoft Windows 10.0.22631,X64,.NET 10.0.7,4-8GB,1-2 Cores,1920x1080,PG,PGK,1000-2000,"['new_checkout', 'tax_inclusive']",,,0,app_launch,0c1d40bb-5c91-4c1e-86ad-e5fabd00763f
69a1de29-3f06-4ba1-914f-419e44118bb0,2026-05-12T13:11:10.212957+00:00,2026-05-12T13:11:10.212957+00:00,1.4.7,1200,production,2026-05-12T13:11:07.734235+00:00,2026-05-12T13:11:07.833986+00:00,2026-05-12T13:11:07.833986+00:00,1,16,16,True,Microsoft Windows 10.0.26100,X64,.NET 10.0.7,0-4GB,1-2 Cores,1920x1200,GB,GBP,1000-2000,"['new_checkout', 'tax_inclusive']",,,0,app_launch,b7b791ae-b3ab-4a76-9c51-74f3f11f2357
5802912e-3414-4091-be00-65148a5844c4,2026-05-12T23:07:47.29177+00:00,2026-05-12T23:07:47.29177+00:00,1.4.7,1200,production,2026-05-12T23:08:49.65227+00:00,2026-05-12T23:08:49.680496+00:00,2026-05-12T23:08:49.680496+00:00,1,16,16,True,Microsoft Windows 10.0.19045,X64,.NET 10.0.7,4-8GB,9-16 Cores,1920x1080,US,USD,1000-2000,"['new_checkout', 'tax_inclusive']",,,0,app_launch,9026d998-0ec4-4195-a302-84303a691783
10c68d68-e986-4d05-8feb-a26c027a7bf8,2026-05-13T12:03:47.570736+00:00,2026-05-13T12:03:47.570736+00:00,1.4.7,1200,production,2026-05-13T12:03:52.810606+00:00,2026-05-13T12:03:52.836909+00:00,2026-05-13T12:03:52.836909+00:00,1,15,15,True,Microsoft Windows 10.0.19045,X64,.NET 10.0.7,8-16GB,5-8 Cores,1920x1080,MY,MYR,1000-2000,"['new_checkout', 'tax_inclusive']",,,0,app_launch,6f413ac9-97a4-42ab-bdb9-593139dd6290
a7c4a878-0d9f-492c-aab8-a780007250aa,2026-05-11T22:53:24.583053+00:00,2026-05-17T15:20:01.058856+00:00,1.4.7,1200,production,2026-05-11T22:53:20.365933+00:00,2026-05-17T15:19:59.89205+00:00,2026-05-17T15:19:59.89205+00:00,2,17,11,True,Microsoft Windows 10.0.18363,X64,.NET 10.0.7,0-4GB,5-8 Cores,1280x1024,MA,MAD,1000-2000,"['new_checkout', 'tax_inclusive']",,,0,app_launch,27fa5e4f-5e4d-40df-8673-cc740e7883f5
4967697a-3774-4e84-a837-d0615e0be268,2026-05-13T18:27:18.34338+00:00,2026-05-13T18:27:18.34338+00:00,1.4.7,1200,production,2026-05-13T18:27:15.158985+00:00,2026-05-13T18:27:15.208395+00:00,2026-05-13T18:27:15.208395+00:00,1,15,15,True,Microsoft Windows 10.0.26200,X64,.NET 10.0.7,8-16GB,5-8 Cores,1920x1080,JP,JPY,1000-2000,"['new_checkout', 'tax_inclusive']",,,0,app_launch,4de00a20-6812-4077-8b84-60b6abc6d227
2199aa1c-b31d-4bd4-9947-f6fdabced944,2026-05-13T19:55:01.409381+00:00,2026-05-13T20:14:14.131881+00:00,1.4.7,1200,production,2026-05-13T19:54:59.017718+00:00,2026-05-13T20:14:10.190252+00:00,2026-05-13T20:14:10.190252+00:00,3,15,15,True,Microsoft Windows 10.0.26200,X64,.NET 10.0.7,0-4GB,1-2 Cores,1366x768,MX,MXN,1000-2000,"['new_checkout', 'tax_inclusive']",,,0,app_launch,976dd746-54b4-41b7-92dc-7e1a082d0655
e659bc58-7276-40cd-bf71-804943d2c85d,2026-05-14T11:24:45.81761+00:00,2026-05-14T12:10:49.115307+00:00,1.4.7,1200,production,2026-05-14T11:24:42.67256+00:00,2026-05-14T12:10:47.653086+00:00,2026-05-14T12:10:47.653086+00:00,3,14,14,True,Microsoft Windows 10.0.19045,X64,.NET 10.0.7,0-4GB,3-4 Cores,1600x900,MZ,MZN,1000-2000,"['new_checkout', 'tax_inclusive']",,,0,app_launch,c6e8d1ba-1b77-48f7-b623-04b6e14d4600
1aaa7440-b919-42fd-a92a-62c8b9638a89,2026-05-13T16:10:53.42388+00:00,2026-05-14T13:40:40.254692+00:00,1.4.7,1200,production,2026-05-13T16:10:44.912568+00:00,2026-05-14T13:40:37.087196+00:00,2026-05-14T13:40:37.087196+00:00,12,15,14,True,Microsoft Windows 10.0.26100,X64,.NET 10.0.7,16-32GB,5-8 Cores,1366x768,EG,USD,1000-2000,"['new_checkout', 'tax_inclusive']",,,0,app_launch,99026b3f-148a-4641-8a3e-3f21c5e99bed
33c84094-8503-4786-a0de-29f581c2d638,2026-05-14T23:56:15.539179+00:00,2026-05-15T00:08:41.751313+00:00,1.4.7,1200,production,2026-05-14T23:56:16.776996+00:00,2026-05-15T00:08:43.042177+00:00,2026-05-15T00:08:43.042177+00:00,2,14,13,True,Microsoft Windows 10.0.26200,X64,.NET 10.0.7,8-16GB,9-16 Cores,1920x1200,PT,EUR,1000-2000,"['new_checkout', 'tax_inclusive']",,,0,app_launch,68a18ad1-85e2-414f-9b42-5524a89c9c14
b67c82c2-1bdf-4d33-aa3e-97222b81b665,2026-05-15T05:03:30.638171+00:00,2026-05-15T05:03:30.638171+00:00,1.4.4,1200,production,2026-05-15T05:03:27.61082+00:00,2026-05-15T05:03:27.638335+00:00,2026-05-15T05:03:27.638335+00:00,1,13,13,True,Microsoft Windows 10.0.26200,X64,.NET 10.0.7,8-16GB,5-8 Cores,1366x768,MX,MXN,1000-2000,"['new_checkout', 'tax_inclusive']",,,0,app_launch,7b1fc51a-12b8-45f6-b261-1cffb35a3626
76509d8d-c529-415d-a5af-03aa44fb2496,2026-05-15T08:39:38.333339+00:00,2026-05-15T08:39:38.333339+00:00,1.4.7,1200,production,2026-05-15T08:39:35.110453+00:00,2026-05-15T08:39:35.138463+00:00,2026-05-15T08:39:35.138463+00:00,1,13,13,True,Microsoft Windows 10.0.22631,X64,.NET 10.0.7,8-16GB,5-8 Cores,1920x1080,ID,IDR,1000-2000,"['new_checkout', 'tax_inclusive']",,,0,app_launch,9d337dbc-e6d6-4291-aba0-a5d142a7c597
ee2b6f78-2dc1-4d76-9c39-c092129a70b9,2026-05-15T11:17:27.393342+00:00,2026-05-15T11:17:27.393342+00:00,1.4.4,1200,production,2026-05-15T11:17:21.73992+00:00,2026-05-15T11:17:21.848199+00:00,2026-05-15T11:17:21.848199+00:00,1,13,13,True,Microsoft Windows 10.0.18362,X64,.NET 10.0.7,0-4GB,1-2 Cores,1280x1024,LS,USD,1000-2000,"['new_checkout', 'tax_inclusive']",,,0,app_launch,35b238bc-00b1-4443-ae77-adb9dafb8734
fcfc2ef3-95ad-482c-8490-c72b794fa5bd,2026-04-22T11:13:26.880011+00:00,2026-05-18T06:22:26.114358+00:00,1.3.2,1200,production,2026-04-13T12:50:27.44411+00:00,2026-05-18T06:22:26.370404+00:00,2026-05-18T06:22:26.369131+00:00,4,45,10,True,Microsoft Windows 10.0.19045,X64,.NET 8.0.26,4-8GB,3-4 Cores,1920x1080,PH,PHP,1000-2000,"['new_checkout', 'tax_inclusive']",,,0,app_launch,
5c6bda82-d535-4362-afa6-5111fa70c5ca,2026-05-15T13:23:04.73472+00:00,2026-05-15T13:23:04.73472+00:00,1.4.7,1200,production,2026-05-15T13:23:04.231077+00:00,2026-05-15T13:23:04.288898+00:00,2026-05-15T13:23:04.288898+00:00,1,13,13,True,Microsoft Windows 10.0.22631,X64,.NET 10.0.7,4-8GB,3-4 Cores,1920x1080,GH,USD,1000-2000,"['new_checkout', 'tax_inclusive']",,,0,app_launch,46f581d1-afaa-4003-b615-e7343427b552
072e633d-e831-496c-8559-710fb81ce6b3,2026-03-25T19:03:07.248087+00:00,2026-05-15T13:30:29.036956+00:00,1.1.0,1000,production,2026-03-14T00:00:00+00:00,2026-05-15T13:30:27.249046+00:00,2026-05-15T13:30:27.24247+00:00,5,62,13,True,Microsoft Windows 10.0.26200,X64,.NET 8.0.24,16-32GB,5-8 Cores,HD (720p-1080p),IN,INR,1000-2000,"['new_checkout', 'tax_inclusive']",,,0,app_launch,
efe2eb9e-d989-4f19-9734-37ec9eee27a2,2026-05-15T12:47:34.765524+00:00,2026-05-16T03:06:09.092025+00:00,1.4.7,1200,production,2026-05-15T12:47:32.121254+00:00,2026-05-16T03:06:06.118827+00:00,2026-05-16T03:06:06.118827+00:00,8,13,12,True,Microsoft Windows 10.0.26100,X64,.NET 10.0.7,16-32GB,5-8 Cores,1366x768,EG,USD,1000-2000,"['new_checkout', 'tax_inclusive']",,,0,app_launch,c7e933e1-8470-461e-a34e-2951ad84f720
1529fd9d-c682-4c3e-aa38-a850c836a114,2026-05-16T03:47:09.587162+00:00,2026-05-16T03:47:09.587162+00:00,1.4.7,1200,production,2026-05-16T03:47:05.788039+00:00,2026-05-16T03:47:05.844016+00:00,2026-05-16T03:47:05.844016+00:00,1,12,12,True,Microsoft Windows 10.0.26100,X64,.NET 10.0.7,16-32GB,5-8 Cores,1366x768,EG,USD,1000-2000,"['new_checkout', 'tax_inclusive']",,,0,app_launch,a6e9c0d8-7d4c-406e-a724-c82a7c17fee0
b5078662-5b78-43b4-8688-eb3ef5bc5a3a,2026-05-16T04:08:30.769069+00:00,2026-05-16T04:08:30.769069+00:00,1.4.7,1200,production,2026-05-16T03:51:05.689786+00:00,2026-05-16T04:08:28.55551+00:00,2026-05-16T04:08:28.55551+00:00,2,12,12,True,Microsoft Windows 10.0.26100,X64,.NET 10.0.7,16-32GB,5-8 Cores,1366x768,EG,USD,1000-2000,"['new_checkout', 'tax_inclusive']",,,0,app_launch,b5720775-8f2b-4328-b00d-bae27cbae7b9
423a0493-3332-4806-bd66-cfeccfff21ff,2026-05-16T05:58:18.052973+00:00,2026-05-16T06:07:21.363292+00:00,1.4.7,1200,production,2026-05-16T05:43:54.12602+00:00,2026-05-16T05:52:57.68054+00:00,2026-05-16T05:52:57.68054+00:00,3,12,12,True,Microsoft Windows 10.0.19045,X64,.NET 10.0.7,4-8GB,3-4 Cores,1366x768,NG,USD,1000-2000,"['new_checkout', 'tax_inclusive']",,,0,app_launch,b2b79c83-37f4-47e5-8776-9827f1fc052b
cda4847c-703a-468b-b083-4737d0267b99,2026-05-07T13:48:48.48006+00:00,2026-05-17T14:42:22.943437+00:00,1.4.7,1200,production,2026-03-30T16:26:43.36863+00:00,2026-05-17T14:42:22.673688+00:00,2026-05-17T14:42:22.673688+00:00,2,59,11,True,Microsoft Windows 10.0.19045,X64,.NET 10.0.7,8-16GB,5-8 Cores,1920x1080,EG,USD,1000-2000,"['new_checkout', 'tax_inclusive']",,,1,app_launch,45edca05-d297-437c-8d9d-e5ef27ad3727
e1c5f779-4a61-438b-85a4-5d10299aaca5,2026-05-07T22:56:24.038212+00:00,2026-05-27T11:17:43.612201+00:00,1.4.7,1200,production,2026-05-07T22:53:05.940618+00:00,2026-05-27T11:17:34.920552+00:00,2026-05-27T11:17:34.920552+00:00,17,21,1,True,Microsoft Windows 10.0.26200,X64,.NET 10.0.7,8-16GB,5-8 Cores,1920x1080,TT,USD,1000-2000,"['new_checkout', 'tax_inclusive']",,,0,app_launch,85cd2ede-3356-415e-93ef-db70ef198f7f
550b7497-22ba-465a-8a64-cde20adef415,2026-05-15T14:51:20.757476+00:00,2026-05-27T16:17:09.039436+00:00,1.4.7,1200,production,2026-05-15T14:51:19.203753+00:00,2026-05-27T16:17:08.167368+00:00,2026-05-27T16:17:08.167368+00:00,10,13,1,True,Microsoft Windows 10.0.19045,X64,.NET 10.0.7,8-16GB,3-4 Cores,1920x1080,US,USD,1000-2000,"['new_checkout', 'tax_inclusive']",,,2,app_launch,f0e25019-ce12-4b99-8643-2c3b6bc21a88
a75f8401-08c1-461a-9b78-56943b6b5a08,2026-05-19T18:12:31.445148+00:00,2026-05-20T16:27:27.750261+00:00,1.4.7,1200,production,2026-05-19T18:12:30.020781+00:00,2026-05-20T16:27:26.762698+00:00,2026-05-20T16:27:26.762698+00:00,7,9,8,True,Microsoft Windows 10.0.26100,X64,.NET 10.0.7,4-8GB,5-8 Cores,1920x1080,KE,KES,1000-2000,"['new_checkout', 'tax_inclusive']",,,0,app_launch,4cc4848a-0409-4882-881d-794527c6e4d8
664321ec-24ca-4444-8076-a212071174ec,2026-05-20T17:29:37.30824+00:00,2026-05-20T17:29:37.30824+00:00,1.4.7,1200,production,2026-05-20T17:29:35.902448+00:00,2026-05-20T17:29:35.941308+00:00,2026-05-20T17:29:35.941308+00:00,1,8,8,True,Microsoft Windows 10.0.26200,X64,.NET 10.0.7,4-8GB,5-8 Cores,1920x1080,PL,PLN,1000-2000,"['new_checkout', 'tax_inclusive']",,,0,app_launch,d5bdb6b3-8cb2-4a00-8d0a-cfb9b646af77
56a0e63e-2b80-435d-8cc2-a8179dad257d,2026-05-20T17:42:45.863713+00:00,2026-05-20T19:51:45.488858+00:00,1.4.7,1200,production,2026-05-20T17:42:43.531754+00:00,2026-05-20T19:51:44.090512+00:00,2026-05-20T19:51:44.090512+00:00,2,8,8,True,Microsoft Windows 10.0.26200,X64,.NET 10.0.7,4-8GB,5-8 Cores,1920x1080,PL,PLN,1000-2000,"['new_checkout', 'tax_inclusive']",,,0,app_launch,c9b71a4c-cc49-4075-ae85-a9e6bc07fde5
a63d51b3-dea1-41f3-823a-8b29fa1486ce,2026-05-20T19:57:31.703445+00:00,2026-05-20T19:57:31.703445+00:00,1.4.7,1200,production,2026-05-20T19:57:30.648581+00:00,2026-05-20T19:57:30.668874+00:00,2026-05-20T19:57:30.668874+00:00,1,8,8,True,Microsoft Windows 10.0.26200,X64,.NET 10.0.7,4-8GB,5-8 Cores,1920x1080,PL,PLN,1000-2000,"['new_checkout', 'tax_inclusive']",,,0,app_launch,ca71cd67-90be-4fb5-a433-b38205162ab3
E65E5823AF03AB17690EC87FF5C79899D3588B10DCDAB0103E393685858E7441,2026-05-16T04:13:33.778964+00:00,2026-05-28T13:27:24.661408+00:00,1.4.7,1200,production,2026-05-25T18:59:53.13348+00:00,2026-05-28T13:27:19.47185+00:00,2026-05-28T13:27:19.47185+00:00,15,3,0,True,Microsoft Windows 10.0.26100,X64,.NET 10.0.7,16-32GB,5-8 Cores,1920x1200,EG,USD,1000-2000,"['new_checkout', 'tax_inclusive']",,,1,app_launch,95b41a2aea3d4bafac9694d24766a4c9
01203987-6e01-4d14-901a-70b018f6e963,2026-05-03T10:59:00.322724+00:00,2026-05-24T09:30:42.680946+00:00,1.4.7,1200,production,2026-05-03T10:58:59.361567+00:00,2026-05-24T09:30:42.547595+00:00,2026-05-24T09:30:42.547595+00:00,45,25,4,True,Microsoft Windows 10.0.26200,X64,.NET 10.0.7,8-16GB,9-16 Cores,1920x1080,BE,EUR,1000-2000,"['new_checkout', 'tax_inclusive']",,,0,app_launch,d434aa19-9f6d-49d0-9dc0-33c37d2312e1
aedfac09-df4c-4f94-b620-ad27252e3223,2026-05-18T20:16:13.83449+00:00,2026-05-18T20:16:13.83449+00:00,1.4.7,1200,production,2026-05-18T20:16:11.79117+00:00,2026-05-18T20:16:11.824447+00:00,2026-05-18T20:16:11.824447+00:00,1,10,10,True,Microsoft Windows 10.0.26200,X64,.NET 10.0.7,8-16GB,5-8 Cores,1920x1080,NG,GBP,1000-2000,"['new_checkout', 'tax_inclusive']",,,0,app_launch,6a19046b-ed2e-49fc-a7da-7abd4ad5c253
ae3f3cb1-5be0-489a-a278-9573f7830115,2026-05-19T06:26:58.106359+00:00,2026-05-19T06:45:37.998777+00:00,1.4.7,1200,production,2026-05-19T06:26:49.901919+00:00,2026-05-19T06:45:30.890306+00:00,2026-05-19T06:45:30.890306+00:00,6,9,9,True,Microsoft Windows 10.0.19045,X64,.NET 10.0.7,4-8GB,3-4 Cores,1366x768,PH,USD,1000-2000,"['new_checkout', 'tax_inclusive']",,,0,app_launch,9db9d16c-a921-4673-97c1-498f242d1450
bc768dd7-944e-4a46-a9d0-97c437bffd12,2026-05-18T12:15:36.894979+00:00,2026-05-19T11:10:15.93616+00:00,1.4.7,1200,production,2026-05-18T12:15:30.156299+00:00,2026-05-19T11:10:13.765809+00:00,2026-05-19T11:10:13.765809+00:00,12,10,9,True,Microsoft Windows 10.0.19045,X64,.NET 10.0.7,0-4GB,3-4 Cores,1366x768,NG,NGN,1000-2000,"['new_checkout', 'tax_inclusive']",,,1,app_launch,b7318c1c-abd4-421f-8aa0-7adee35c1120
813643f5-8d73-429f-9998-ddd1d07b1336,2026-05-19T11:46:34.38659+00:00,2026-05-19T13:45:40.903136+00:00,1.4.7,1200,production,2026-05-19T11:46:27.908511+00:00,2026-05-19T13:45:38.751145+00:00,2026-05-19T13:45:38.751145+00:00,4,9,9,True,Microsoft Windows 10.0.19045,X64,.NET 10.0.7,4-8GB,3-4 Cores,1366x768,KE,USD,1000-2000,"['new_checkout', 'tax_inclusive']",,,0,app_launch,e760d014-b28f-487d-992a-db8a6fad01dd
44dbdd7f-91dc-42f2-aba5-8851f6f06924,2026-05-19T18:23:35.351427+00:00,2026-05-19T18:23:35.351427+00:00,1.4.7,1200,production,2026-05-19T18:23:31.267234+00:00,2026-05-19T18:23:31.367334+00:00,2026-05-19T18:23:31.367334+00:00,1,9,9,True,Microsoft Windows 10.0.19045,X64,.NET 10.0.7,0-4GB,1-2 Cores,1366x768,LB,USD,1000-2000,"['new_checkout', 'tax_inclusive']",,,0,app_launch,d039cd6f-133a-4301-a9e6-b74a43121891
55deb457-22f0-4b40-9f55-0fbdc9ab3f85,2026-05-19T18:24:24.205915+00:00,2026-05-19T23:34:18.235202+00:00,1.4.7,1200,production,2026-05-19T18:24:23.093304+00:00,2026-05-19T23:34:17.669132+00:00,2026-05-19T23:34:17.669132+00:00,7,9,9,True,Microsoft Windows 10.0.26200,X64,.NET 10.0.7,4-8GB,5-8 Cores,1920x1080,EG,USD,1000-2000,"['new_checkout', 'tax_inclusive']",,,0,app_launch,4bc4c8ec-b2c1-42b0-8bdc-e061efef09ff
0c348168-8817-4adb-a048-be5686ef74d4,2026-05-20T20:27:56.776013+00:00,2026-05-20T20:27:56.776013+00:00,1.4.7,1200,production,2026-05-20T20:27:55.029621+00:00,2026-05-20T20:27:55.05235+00:00,2026-05-20T20:27:55.05235+00:00,1,8,8,True,Microsoft Windows 10.0.26200,X64,.NET 10.0.7,4-8GB,5-8 Cores,1920x1080,PL,PLN,1000-2000,"['new_checkout', 'tax_inclusive']",,,0,app_launch,31991468-0b1c-41ca-9105-4e2cdb533dd0
f83fd2b6-dbe6-4ad8-ba28-8c3db1a9adef,2026-05-20T20:32:19.399702+00:00,2026-05-20T20:32:19.399702+00:00,1.4.7,1200,production,2026-05-20T20:32:15.138696+00:00,2026-05-20T20:32:15.160349+00:00,2026-05-20T20:32:15.160349+00:00,1,8,8,True,Microsoft Windows 10.0.26200,X64,.NET 10.0.7,4-8GB,5-8 Cores,1920x1080,PL,PLN,1000-2000,"['new_checkout', 'tax_inclusive']",,,0,app_launch,b90315b4-2997-4c91-b8c7-540e2f7f31b8
a17c9209-f81e-4b7e-8eb2-f35497a7a069,2026-05-20T21:15:16.461661+00:00,2026-05-20T21:15:16.461661+00:00,1.4.7,1200,production,2026-05-20T21:15:13.416326+00:00,2026-05-20T21:15:13.437289+00:00,2026-05-20T21:15:13.437289+00:00,1,8,8,True,Microsoft Windows 10.0.26200,X64,.NET 10.0.7,4-8GB,5-8 Cores,1920x1080,PL,PLN,1000-2000,"['new_checkout', 'tax_inclusive']",,,0,app_launch,d5ec8f9b-8a55-4834-8916-60450642af5a
1bdcdd6f-2bdd-4713-b396-8980961624c6,2026-05-20T21:19:34.403265+00:00,2026-05-20T21:19:34.403265+00:00,1.4.7,1200,production,2026-05-20T21:19:32.902099+00:00,2026-05-20T21:19:32.923824+00:00,2026-05-20T21:19:32.923824+00:00,1,8,8,True,Microsoft Windows 10.0.26200,X64,.NET 10.0.7,4-8GB,5-8 Cores,1920x1080,PL,PLN,1000-2000,"['new_checkout', 'tax_inclusive']",,,0,app_launch,3125d7ed-56b1-4c50-8ff2-d63433090003
a1993182-c164-4e71-8790-2e9a6c3c2b41,2026-05-20T22:32:22.402479+00:00,2026-05-20T22:32:22.402479+00:00,1.4.7,1200,production,2026-05-20T22:32:29.913555+00:00,2026-05-20T22:32:29.931026+00:00,2026-05-20T22:32:29.931026+00:00,1,8,8,True,Microsoft Windows 10.0.22631,X64,.NET 10.0.7,4-8GB,9-16 Cores,1920x1080,LY,SAR,1000-2000,"['new_checkout', 'tax_inclusive']",,,0,app_launch,b0dc6a5c-3d10-4919-995e-88f2f58204a8
55df1322-f371-4e63-9892-4aab0efdb8b8,2026-05-21T08:47:21.34271+00:00,2026-05-21T08:47:21.34271+00:00,1.4.7,1200,production,2026-05-21T23:47:14.736169+00:00,2026-05-21T23:47:14.787862+00:00,2026-05-21T23:47:14.787862+00:00,1,7,7,True,Microsoft Windows 10.0.26100,X64,.NET 10.0.7,4-8GB,9-16 Cores,1920x1080,PH,PHP,1000-2000,"['new_checkout', 'tax_inclusive']",,,0,app_launch,15f6f181-37c8-43d3-9e07-20cda4dbece8
5bace818-c651-49b2-aa74-bf4db7ac4750,2026-05-21T16:15:14.526553+00:00,2026-05-26T16:23:52.028478+00:00,1.4.7,1200,production,2026-05-21T16:15:11.683325+00:00,2026-05-26T16:13:45.110594+00:00,2026-05-26T16:13:45.110594+00:00,8,7,2,True,Microsoft Windows 10.0.18362,X64,.NET 10.0.7,0-4GB,3-4 Cores,1920x1280,,YER,1000-2000,"['new_checkout', 'tax_inclusive']",,,0,app_launch,259d1417-5a26-4469-89a7-72916af88932
4b4d80e4-547d-469d-9a02-8cfe9303df99,2026-05-20T21:27:13.228+00:00,2026-05-21T16:15:58.097648+00:00,1.4.7,1200,production,2026-05-20T21:27:11.838969+00:00,2026-05-21T16:15:47.200349+00:00,2026-05-21T16:15:47.200349+00:00,3,8,7,True,Microsoft Windows 10.0.26200,X64,.NET 10.0.7,4-8GB,5-8 Cores,1920x1080,,PLN,1000-2000,"['new_checkout', 'tax_inclusive']",,,0,app_launch,3b8031b2-0588-49f4-9ac1-c0048c87f5f0
fac88482-f791-47b0-9e88-7a9cb9fd80e6,2026-05-22T04:22:03.980904+00:00,2026-05-27T03:30:30.273231+00:00,1.4.7,1200,production,2026-05-22T04:21:59.254243+00:00,2026-05-27T03:30:28.003064+00:00,2026-05-27T03:30:28.003064+00:00,5,6,1,True,Microsoft Windows 10.0.26200,X64,.NET 10.0.7,4-8GB,3-4 Cores,1920x1080,IN,INR,1000-2000,"['new_checkout', 'tax_inclusive']",,,0,app_launch,1b1804dd-8136-4a13-8be3-1ab5503a2d91
75eea5ed-ddfe-4710-96cc-e6895a430e7b,2026-05-20T18:50:56.782046+00:00,2026-05-27T06:09:00.257059+00:00,1.4.7,1200,production,2026-05-20T18:50:53.452534+00:00,2026-05-26T00:26:39.410259+00:00,2026-05-26T00:26:39.410259+00:00,5,8,2,True,Microsoft Windows 10.0.19045,X64,.NET 10.0.7,4-8GB,3-4 Cores,1360x768,,USD,1000-2000,"['new_checkout', 'tax_inclusive']",,,0,app_launch,37f0d432-47d3-415b-a35e-e62821bef8ff
c696a99e-8458-4e04-bbc3-8d6191b56d10,2026-05-22T03:01:51.151733+00:00,2026-05-22T03:01:51.151733+00:00,1.4.7,1200,production,2026-05-22T03:01:49.785246+00:00,2026-05-22T03:01:49.818923+00:00,2026-05-22T03:01:49.818923+00:00,1,6,6,True,Microsoft Windows 10.0.26200,X64,.NET 10.0.7,8-16GB,9-16 Cores,1920x1080,US,WST,1000-2000,"['new_checkout', 'tax_inclusive']",,,0,app_launch,10b06503-3f62-4537-af99-6997e5fdeb57
c83140c9-eca3-4425-8be7-5dc6e0d777c2,2026-05-22T12:29:43.352073+00:00,2026-05-22T12:29:43.352073+00:00,1.4.7,1200,production,2026-05-22T12:29:41.931155+00:00,2026-05-22T12:29:42.002041+00:00,2026-05-22T12:29:42.002041+00:00,1,6,6,True,Microsoft Windows 10.0.19045,X64,.NET 10.0.7,4-8GB,3-4 Cores,1366x768,TR,SAR,1000-2000,"['new_checkout', 'tax_inclusive']",,,0,app_launch,f0e9fad7-f9e6-4ffb-92c9-a9d66505c682
76a6c57c-ab8d-441e-97f6-9c3a4ce4b05f,2026-05-22T15:36:19.85387+00:00,2026-05-22T15:36:19.85387+00:00,1.4.7,1200,production,2026-05-22T15:36:06.849784+00:00,2026-05-22T15:36:07.014171+00:00,2026-05-22T15:36:07.014171+00:00,1,6,6,True,Microsoft Windows 10.0.19045,X64,.NET 10.0.7,0-4GB,3-4 Cores,1366x768,EG,EGP,1000-2000,"['new_checkout', 'tax_inclusive']",,,0,app_launch,14f497d9-94db-4914-9b14-d371ef861d93
0945f579-1c3b-40f0-ad6a-15830a9345bb,2026-05-22T15:36:24.111732+00:00,2026-05-22T15:36:24.111732+00:00,1.4.7,1200,production,2026-05-22T15:36:06.849766+00:00,2026-05-22T15:36:07.01417+00:00,2026-05-22T15:36:07.01417+00:00,1,6,6,True,Microsoft Windows 10.0.19045,X64,.NET 10.0.7,0-4GB,3-4 Cores,1366x768,EG,EGP,1000-2000,"['new_checkout', 'tax_inclusive']",,,0,app_launch,d2fe3208-f58e-4142-8fc2-0a46f38669df
2723674c-461e-47b2-afe2-a65c7ed40e31,2026-05-21T16:57:14.772545+00:00,2026-05-22T21:06:39.186438+00:00,1.4.7,1200,production,2026-05-21T16:57:14.032605+00:00,2026-05-22T21:06:38.165532+00:00,2026-05-22T21:06:38.165532+00:00,4,7,6,True,Microsoft Windows 10.0.26200,X64,.NET 10.0.7,4-8GB,5-8 Cores,1920x1080,PL,PLN,1000-2000,"['new_checkout', 'tax_inclusive']",,,0,app_launch,84f04b6c-cd32-4717-b76e-96e9c1507da4
66bf8bb4-a936-48c0-bc57-82d38d6a3de4,2026-05-22T23:46:38.598261+00:00,2026-05-23T01:10:38.267271+00:00,1.4.7,1200,production,2026-05-22T23:46:37.085519+00:00,2026-05-23T01:10:37.956928+00:00,2026-05-23T01:10:37.956928+00:00,16,6,5,True,Microsoft Windows 10.0.19045,X64,.NET 10.0.7,4-8GB,3-4 Cores,1366x768,US,USD,1000-2000,"['new_checkout', 'tax_inclusive']",,,0,app_launch,95bd77d2-72ed-4af6-bdbc-2c174fcfa371
35a9122d-a3e9-4a5e-a395-ef4f733a0a53,2026-05-14T16:24:55.066868+00:00,2026-05-23T09:45:24.814867+00:00,1.4.7,1200,production,2026-05-14T16:25:08.49065+00:00,2026-05-23T09:45:50.445127+00:00,2026-05-23T09:45:50.445127+00:00,15,14,5,True,Microsoft Windows 10.0.22621,X64,.NET 10.0.7,4-8GB,1-2 Cores,1366x768,GB,USD,1000-2000,"['new_checkout', 'tax_inclusive']",,,0,app_launch,4ea8fe73-291a-4e00-9338-89031977ad60
99b5f7d2-2d31-4bf8-9035-2a10d08f8470,2026-05-21T14:38:01.595769+00:00,2026-05-23T10:35:13.623102+00:00,1.4.7,1200,production,2026-05-21T14:37:53.524724+00:00,2026-05-23T10:35:05.49022+00:00,2026-05-23T10:35:05.49022+00:00,2,7,5,True,Microsoft Windows 10.0.19042,X64,.NET 10.0.7,0-4GB,3-4 Cores,1366x768,QA,QAR,1000-2000,"['new_checkout', 'tax_inclusive']",,,1,app_launch,f2fb5839-aaf6-4395-a3f9-69d48dbd2ef3
987bafd2-c235-46cd-b9af-d553e3ae6f6d,2026-05-23T22:43:20.72987+00:00,2026-05-23T22:43:20.72987+00:00,1.4.7,1200,production,2026-05-23T22:43:17.917901+00:00,2026-05-23T22:43:17.934842+00:00,2026-05-23T22:43:17.934842+00:00,1,5,5,True,Microsoft Windows 10.0.26100,X64,.NET 10.0.7,8-16GB,9-16 Cores,1920x1200,RU,RUB,1000-2000,"['new_checkout', 'tax_inclusive']",,,0,app_launch,52ccab81-a026-4cbb-b514-4b02986c4cf5
c1477c22-24ec-4c09-afd1-8066d8b86d9d,2026-05-24T05:50:45.860683+00:00,2026-05-24T05:50:45.860683+00:00,1.4.7,1200,production,2026-05-24T05:50:43.873123+00:00,2026-05-24T05:50:43.908362+00:00,2026-05-24T05:50:43.908362+00:00,1,4,4,True,Microsoft Windows 10.0.26200,X64,.NET 10.0.7,4-8GB,5-8 Cores,1440x900,NP,USD,1000-2000,"['new_checkout', 'tax_inclusive']",,,0,app_launch,f9c5921d-cba8-4033-84a8-98a349deb913
957203eb-5cb0-4305-9c2f-0727443dfebb,2026-05-24T14:20:13.577915+00:00,2026-05-24T14:20:13.577915+00:00,1.4.7,1200,production,2026-05-24T14:20:12.336365+00:00,2026-05-24T14:20:12.367947+00:00,2026-05-24T14:20:12.367947+00:00,1,4,4,True,Microsoft Windows 10.0.26200,X64,.NET 10.0.7,8-16GB,5-8 Cores,1920x1080,IE,GBP,1000-2000,"['new_checkout', 'tax_inclusive']",,,0,app_launch,7ace2b78-4bef-4ac6-9e8a-efeff92b9147
03647ad5-77fb-46f2-ad2f-6902982bdf66,2026-04-28T12:18:31.207559+00:00,2026-05-25T15:12:29.543008+00:00,1.4.7,1200,production,2026-04-15T16:02:06.531342+00:00,2026-05-25T15:12:30.909021+00:00,2026-05-25T15:12:30.909021+00:00,14,43,3,True,Microsoft Windows 10.0.26100,X64,.NET 10.0.7,4-8GB,3-4 Cores,1024x768,GB,GBP,1000-2000,"['new_checkout', 'tax_inclusive']",,,0,app_launch,866fff61-88ff-4ff5-8c60-4391e2169937
edcdfafb-fc3c-4028-955e-2cecc70ea4d3,2026-05-25T12:17:58.766629+00:00,2026-05-26T11:41:01.716258+00:00,1.4.7,1200,production,2026-05-25T12:17:54.939936+00:00,2026-05-26T11:40:58.372654+00:00,2026-05-26T11:40:58.372654+00:00,6,3,2,True,Microsoft Windows 10.0.26200,X64,.NET 10.0.7,4-8GB,5-8 Cores,1920x1080,ZA,ZAR,1000-2000,"['new_checkout', 'tax_inclusive']",,,0,app_launch,56c1e2e0-51a7-4b68-a0f9-ca34479f04e3
dd474b7c-7cb8-4924-a8b5-45aa56a1a87d,2026-05-27T11:52:55.155418+00:00,2026-05-27T12:31:06.242104+00:00,1.4.7,1200,production,2026-05-27T11:52:51.886777+00:00,2026-05-27T12:31:03.156828+00:00,2026-05-27T12:31:03.156828+00:00,2,1,1,True,Microsoft Windows 10.0.22631,X64,.NET 10.0.7,8-16GB,9-16 Cores,1920x1080,PH,PHP,1000-2000,"['new_checkout', 'tax_inclusive']",,,0,app_launch,b856acc3-f322-4ba1-865e-68490bdf1953
6814de16-3521-4c57-a87f-afc4668cc9c4,2026-05-28T03:02:32.239963+00:00,2026-05-28T03:02:32.239963+00:00,1.4.7,1200,production,2026-05-28T03:02:29.176486+00:00,2026-05-28T03:02:29.212413+00:00,2026-05-28T03:02:29.212413+00:00,1,0,0,True,Microsoft Windows 10.0.26100,X64,.NET 10.0.7,8-16GB,5-8 Cores,1920x1080,GH,GHS,1000-2000,"['new_checkout', 'tax_inclusive']",,,0,app_launch,262cf5ab-1cf2-4b8d-be5d-720dcfda55d7
12472d78-cf0c-4a77-a37e-00b317c0e703,2026-05-27T14:20:31.75537+00:00,2026-05-28T05:48:14.565666+00:00,1.4.7,1200,production,2026-05-27T14:20:28.54285+00:00,2026-05-28T05:48:12.359466+00:00,2026-05-28T05:48:12.359466+00:00,4,1,0,True,Microsoft Windows 10.0.19045,X64,.NET 10.0.7,0-4GB,1-2 Cores,1280x800,KE,USD,1000-2000,"['new_checkout', 'tax_inclusive']",,,0,app_launch,7fef43cc-ee55-456f-a082-73cce6afc14b
e080b15a-afa1-4599-9d0a-cd4160d8374a,2026-05-27T14:28:42.320916+00:00,2026-05-28T08:29:15.922472+00:00,1.4.7,1200,production,2026-05-27T14:28:39.497123+00:00,2026-05-27T19:02:32.901711+00:00,2026-05-27T19:02:32.901711+00:00,13,1,1,True,Microsoft Windows 10.0.19044,X64,.NET 10.0.7,0-4GB,3-4 Cores,1280x1024,GH,GHS,1000-2000,"['new_checkout', 'tax_inclusive']",,,0,app_launch,edbca7a9-84fc-40e5-8f9f-34751130a4e6
608f7ee3-cc25-4efc-8f38-39ffe0ad48bb,2026-05-25T11:00:25.031258+00:00,2026-05-28T11:14:15.393287+00:00,1.4.7,1200,production,2026-05-25T11:00:23.406142+00:00,2026-05-28T11:14:13.541967+00:00,2026-05-28T11:14:13.541967+00:00,16,3,0,True,Microsoft Windows 10.0.26200,X64,.NET 10.0.7,8-16GB,5-8 Cores,1920x1080,PH,PHP,1000-2000,"['new_checkout', 'tax_inclusive']",,,4,app_launch,20ea82f2-8c43-49ff-a3bc-52a3d14c2a2c
